"","Red","Green","Blue","Target.Color","Condition","B1","B2","B3","B4","B5","B6"
"1",55,0,200,"Purple","Low.1",155,157,160,162,164,169
"2",60,0,195,"Purple","Low.2",169,171,174,176,178,183
"3",65,0,190,"Purple","Low.3",183,185,188,190,192,197
"4",70,0,185,"Purple","Low.4",197,200,202,204,207,212
"5",75,0,180,"Purple","Low.5",212,214,217,219,221,226
"6",80,0,175,"Purple","Low.6",226,228,231,233,235,240
"7",85,0,170,"Purple","Low.7",240,242,245,247,249,254
"8",90,0,165,"Purple","Low.1",155,157,160,162,164,169
"9",95,0,160,"Purple","Low.2",169,171,174,176,178,183
"10",100,0,155,"Purple","Low.3",183,185,188,190,192,197
"11",55,0,200,"Purple","Low.4",197,200,202,204,207,212
"12",60,0,195,"Purple","Low.5",212,214,217,219,221,226
"13",65,0,190,"Purple","Low.6",226,228,231,233,235,240
"14",70,0,185,"Purple","Low.7",240,242,245,247,249,254
"15",75,0,180,"Purple","Mid.1",155,158,162,165,168,175
"16",80,0,175,"Purple","Mid.2",175,178,182,185,188,195
"17",85,0,170,"Purple","Mid.3",195,198,201,204,208,214
"18",90,0,165,"Purple","Mid.4",214,217,221,224,227,234
"19",95,0,160,"Purple","Mid.5",234,237,241,244,247,254
"20",100,0,155,"Purple","Mid.1",155,158,162,165,168,175
"21",55,0,200,"Purple","Mid.2",175,178,182,185,188,195
"22",60,0,195,"Purple","Mid.3",195,198,201,204,208,214
"23",65,0,190,"Purple","Mid.4",214,217,221,224,227,234
"24",70,0,185,"Purple","Mid.5",234,237,241,244,247,254
"25",75,0,180,"Purple","High.1",155,163,172,180,188,204
"26",80,0,175,"Purple","High.2",180,188,196,204,213,229
"27",85,0,170,"Purple","High.3",204,213,221,229,238,254
"28",90,0,165,"Purple","High.1",155,163,172,180,188,204
"29",95,0,160,"Purple","High.2",180,188,196,204,213,229
"30",100,0,155,"Purple","High.3",204,213,221,229,238,254
"31",55,0,200,"Purple","Low.1",155,157,160,162,164,169
"32",60,0,195,"Purple","Low.2",169,171,174,176,178,183
"33",65,0,190,"Purple","Low.3",183,185,188,190,192,197
"34",70,0,185,"Purple","Low.4",197,200,202,204,207,212
"35",75,0,180,"Purple","Low.5",212,214,217,219,221,226
"36",80,0,175,"Purple","Low.6",226,228,231,233,235,240
"37",85,0,170,"Purple","Low.7",240,242,245,247,249,254
"38",90,0,165,"Purple","Low.1",155,157,160,162,164,169
"39",95,0,160,"Purple","Low.2",169,171,174,176,178,183
"40",100,0,155,"Purple","Low.3",183,185,188,190,192,197
"41",55,0,200,"Purple","Low.4",197,200,202,204,207,212
"42",60,0,195,"Purple","Low.5",212,214,217,219,221,226
"43",65,0,190,"Purple","Low.6",226,228,231,233,235,240
"44",70,0,185,"Purple","Low.7",240,242,245,247,249,254
"45",75,0,180,"Purple","Mid.1",155,158,162,165,168,175
"46",80,0,175,"Purple","Mid.2",175,178,182,185,188,195
"47",85,0,170,"Purple","Mid.3",195,198,201,204,208,214
"48",90,0,165,"Purple","Mid.4",214,217,221,224,227,234
"49",95,0,160,"Purple","Mid.5",234,237,241,244,247,254
"50",100,0,155,"Purple","Mid.1",155,158,162,165,168,175
"51",55,0,200,"Purple","Mid.2",175,178,182,185,188,195
"52",60,0,195,"Purple","Mid.3",195,198,201,204,208,214
"53",65,0,190,"Purple","Mid.4",214,217,221,224,227,234
"54",70,0,185,"Purple","Mid.5",234,237,241,244,247,254
"55",75,0,180,"Purple","High.1",155,163,172,180,188,204
"56",80,0,175,"Purple","High.2",180,188,196,204,213,229
"57",85,0,170,"Purple","High.3",204,213,221,229,238,254
"58",90,0,165,"Purple","High.1",155,163,172,180,188,204
"59",95,0,160,"Purple","High.2",180,188,196,204,213,229
"60",100,0,155,"Purple","High.3",204,213,221,229,238,254
"61",55,0,200,"Purple","Low.1",155,157,160,162,164,169
"62",60,0,195,"Purple","Low.2",169,171,174,176,178,183
"63",65,0,190,"Purple","Low.3",183,185,188,190,192,197
"64",70,0,185,"Purple","Low.4",197,200,202,204,207,212
"65",75,0,180,"Purple","Low.5",212,214,217,219,221,226
"66",80,0,175,"Purple","Low.6",226,228,231,233,235,240
"67",85,0,170,"Purple","Low.7",240,242,245,247,249,254
"68",90,0,165,"Purple","Low.1",155,157,160,162,164,169
"69",95,0,160,"Purple","Low.2",169,171,174,176,178,183
"70",100,0,155,"Purple","Low.3",183,185,188,190,192,197
"71",55,0,200,"Purple","Low.4",197,200,202,204,207,212
"72",60,0,195,"Purple","Low.5",212,214,217,219,221,226
"73",65,0,190,"Purple","Low.6",226,228,231,233,235,240
"74",70,0,185,"Purple","Low.7",240,242,245,247,249,254
"75",75,0,180,"Purple","Mid.1",155,158,162,165,168,175
"76",80,0,175,"Purple","Mid.2",175,178,182,185,188,195
"77",85,0,170,"Purple","Mid.3",195,198,201,204,208,214
"78",90,0,165,"Purple","Mid.4",214,217,221,224,227,234
"79",95,0,160,"Purple","Mid.5",234,237,241,244,247,254
"80",100,0,155,"Purple","Mid.1",155,158,162,165,168,175
"81",55,0,200,"Purple","Mid.2",175,178,182,185,188,195
"82",60,0,195,"Purple","Mid.3",195,198,201,204,208,214
"83",65,0,190,"Purple","Mid.4",214,217,221,224,227,234
"84",70,0,185,"Purple","Mid.5",234,237,241,244,247,254
"85",75,0,180,"Purple","High.1",155,163,172,180,188,204
"86",80,0,175,"Purple","High.2",180,188,196,204,213,229
"87",85,0,170,"Purple","High.3",204,213,221,229,238,254
"88",90,0,165,"Purple","High.1",155,163,172,180,188,204
"89",95,0,160,"Purple","High.2",180,188,196,204,213,229
"90",100,0,155,"Purple","High.3",204,213,221,229,238,254
"91",55,0,200,"Purple","Low.1",155,157,160,162,164,169
"92",60,0,195,"Purple","Low.2",169,171,174,176,178,183
"93",65,0,190,"Purple","Low.3",183,185,188,190,192,197
"94",70,0,185,"Purple","Low.4",197,200,202,204,207,212
"95",75,0,180,"Purple","Low.5",212,214,217,219,221,226
"96",80,0,175,"Purple","Low.6",226,228,231,233,235,240
"97",85,0,170,"Purple","Low.7",240,242,245,247,249,254
"98",90,0,165,"Purple","Low.1",155,157,160,162,164,169
"99",95,0,160,"Purple","Low.2",169,171,174,176,178,183
"100",100,0,155,"Purple","Low.3",183,185,188,190,192,197
"101",55,0,200,"Purple","Low.4",197,200,202,204,207,212
"102",60,0,195,"Purple","Low.5",212,214,217,219,221,226
"103",65,0,190,"Purple","Low.6",226,228,231,233,235,240
"104",70,0,185,"Purple","Low.7",240,242,245,247,249,254
"105",75,0,180,"Purple","Mid.1",155,158,162,165,168,175
"106",80,0,175,"Purple","Mid.2",175,178,182,185,188,195
"107",85,0,170,"Purple","Mid.3",195,198,201,204,208,214
"108",90,0,165,"Purple","Mid.4",214,217,221,224,227,234
"109",95,0,160,"Purple","Mid.5",234,237,241,244,247,254
"110",100,0,155,"Purple","Mid.1",155,158,162,165,168,175
"111",55,0,200,"Purple","Mid.2",175,178,182,185,188,195
"112",60,0,195,"Purple","Mid.3",195,198,201,204,208,214
"113",65,0,190,"Purple","Mid.4",214,217,221,224,227,234
"114",70,0,185,"Purple","Mid.5",234,237,241,244,247,254
"115",75,0,180,"Purple","High.1",155,163,172,180,188,204
"116",80,0,175,"Purple","High.2",180,188,196,204,213,229
"117",85,0,170,"Purple","High.3",204,213,221,229,238,254
"118",90,0,165,"Purple","High.1",155,163,172,180,188,204
"119",95,0,160,"Purple","High.2",180,188,196,204,213,229
"120",100,0,155,"Purple","High.3",204,213,221,229,238,254
"121",55,0,200,"Purple","Low.1",155,157,160,162,164,169
"122",60,0,195,"Purple","Low.2",169,171,174,176,178,183
"123",65,0,190,"Purple","Low.3",183,185,188,190,192,197
"124",70,0,185,"Purple","Low.4",197,200,202,204,207,212
"125",75,0,180,"Purple","Low.5",212,214,217,219,221,226
"126",80,0,175,"Purple","Low.6",226,228,231,233,235,240
"127",85,0,170,"Purple","Low.7",240,242,245,247,249,254
"128",90,0,165,"Purple","Low.1",155,157,160,162,164,169
"129",95,0,160,"Purple","Low.2",169,171,174,176,178,183
"130",100,0,155,"Purple","Low.3",183,185,188,190,192,197
"131",55,0,200,"Purple","Low.4",197,200,202,204,207,212
"132",60,0,195,"Purple","Low.5",212,214,217,219,221,226
"133",65,0,190,"Purple","Low.6",226,228,231,233,235,240
"134",70,0,185,"Purple","Low.7",240,242,245,247,249,254
"135",75,0,180,"Purple","Mid.1",155,158,162,165,168,175
"136",80,0,175,"Purple","Mid.2",175,178,182,185,188,195
"137",85,0,170,"Purple","Mid.3",195,198,201,204,208,214
"138",90,0,165,"Purple","Mid.4",214,217,221,224,227,234
"139",95,0,160,"Purple","Mid.5",234,237,241,244,247,254
"140",100,0,155,"Purple","Mid.1",155,158,162,165,168,175
"141",55,0,200,"Purple","Mid.2",175,178,182,185,188,195
"142",60,0,195,"Purple","Mid.3",195,198,201,204,208,214
"143",65,0,190,"Purple","Mid.4",214,217,221,224,227,234
"144",70,0,185,"Purple","Mid.5",234,237,241,244,247,254
"145",75,0,180,"Purple","High.1",155,163,172,180,188,204
"146",80,0,175,"Purple","High.2",180,188,196,204,213,229
"147",85,0,170,"Purple","High.3",204,213,221,229,238,254
"148",90,0,165,"Purple","High.1",155,163,172,180,188,204
"149",95,0,160,"Purple","High.2",180,188,196,204,213,229
"150",100,0,155,"Purple","High.3",204,213,221,229,238,254
"151",55,0,200,"Purple","Low.1",155,157,160,162,164,169
"152",60,0,195,"Purple","Low.2",169,171,174,176,178,183
"153",65,0,190,"Purple","Low.3",183,185,188,190,192,197
"154",70,0,185,"Purple","Low.4",197,200,202,204,207,212
"155",75,0,180,"Purple","Low.5",212,214,217,219,221,226
"156",80,0,175,"Purple","Low.6",226,228,231,233,235,240
"157",85,0,170,"Purple","Low.7",240,242,245,247,249,254
"158",90,0,165,"Purple","Low.1",155,157,160,162,164,169
"159",95,0,160,"Purple","Low.2",169,171,174,176,178,183
"160",100,0,155,"Purple","Low.3",183,185,188,190,192,197
"161",55,0,200,"Purple","Low.4",197,200,202,204,207,212
"162",60,0,195,"Purple","Low.5",212,214,217,219,221,226
"163",65,0,190,"Purple","Low.6",226,228,231,233,235,240
"164",70,0,185,"Purple","Low.7",240,242,245,247,249,254
"165",75,0,180,"Purple","Mid.1",155,158,162,165,168,175
"166",80,0,175,"Purple","Mid.2",175,178,182,185,188,195
"167",85,0,170,"Purple","Mid.3",195,198,201,204,208,214
"168",90,0,165,"Purple","Mid.4",214,217,221,224,227,234
"169",95,0,160,"Purple","Mid.5",234,237,241,244,247,254
"170",100,0,155,"Purple","Mid.1",155,158,162,165,168,175
"171",55,0,200,"Purple","Mid.2",175,178,182,185,188,195
"172",60,0,195,"Purple","Mid.3",195,198,201,204,208,214
"173",65,0,190,"Purple","Mid.4",214,217,221,224,227,234
"174",70,0,185,"Purple","Mid.5",234,237,241,244,247,254
"175",75,0,180,"Purple","High.1",155,163,172,180,188,204
"176",80,0,175,"Purple","High.2",180,188,196,204,213,229
"177",85,0,170,"Purple","High.3",204,213,221,229,238,254
"178",90,0,165,"Purple","High.1",155,163,172,180,188,204
"179",95,0,160,"Purple","High.2",180,188,196,204,213,229
"180",100,0,155,"Purple","High.3",204,213,221,229,238,254
"181",55,0,200,"Purple","Low.1",155,157,160,162,164,169
"182",60,0,195,"Purple","Low.2",169,171,174,176,178,183
"183",65,0,190,"Purple","Low.3",183,185,188,190,192,197
"184",70,0,185,"Purple","Low.4",197,200,202,204,207,212
"185",75,0,180,"Purple","Low.5",212,214,217,219,221,226
"186",80,0,175,"Purple","Low.6",226,228,231,233,235,240
"187",85,0,170,"Purple","Low.7",240,242,245,247,249,254
"188",90,0,165,"Purple","Low.1",155,157,160,162,164,169
"189",95,0,160,"Purple","Low.2",169,171,174,176,178,183
"190",100,0,155,"Purple","Low.3",183,185,188,190,192,197
"191",55,0,200,"Purple","Low.4",197,200,202,204,207,212
"192",60,0,195,"Purple","Low.5",212,214,217,219,221,226
"193",65,0,190,"Purple","Low.6",226,228,231,233,235,240
"194",70,0,185,"Purple","Low.7",240,242,245,247,249,254
"195",75,0,180,"Purple","Mid.1",155,158,162,165,168,175
"196",80,0,175,"Purple","Mid.2",175,178,182,185,188,195
"197",85,0,170,"Purple","Mid.3",195,198,201,204,208,214
"198",90,0,165,"Purple","Mid.4",214,217,221,224,227,234
"199",95,0,160,"Purple","Mid.5",234,237,241,244,247,254
"200",100,0,155,"Purple","Mid.1",155,158,162,165,168,175
"201",55,0,200,"Purple","Mid.2",175,178,182,185,188,195
"202",60,0,195,"Purple","Mid.3",195,198,201,204,208,214
"203",65,0,190,"Purple","Mid.4",214,217,221,224,227,234
"204",70,0,185,"Purple","Mid.5",234,237,241,244,247,254
"205",75,0,180,"Purple","High.1",155,163,172,180,188,204
"206",80,0,175,"Purple","High.2",180,188,196,204,213,229
"207",85,0,170,"Purple","High.3",204,213,221,229,238,254
"208",90,0,165,"Purple","High.1",155,163,172,180,188,204
"209",95,0,160,"Purple","High.2",180,188,196,204,213,229
"210",100,0,155,"Purple","High.3",204,213,221,229,238,254
"211",55,0,200,"Purple","Low.1",155,157,160,162,164,169
"212",60,0,195,"Purple","Low.2",169,171,174,176,178,183
"213",65,0,190,"Purple","Low.3",183,185,188,190,192,197
"214",70,0,185,"Purple","Low.4",197,200,202,204,207,212
"215",75,0,180,"Purple","Low.5",212,214,217,219,221,226
"216",80,0,175,"Purple","Low.6",226,228,231,233,235,240
"217",85,0,170,"Purple","Low.7",240,242,245,247,249,254
"218",90,0,165,"Purple","Low.1",155,157,160,162,164,169
"219",95,0,160,"Purple","Low.2",169,171,174,176,178,183
"220",100,0,155,"Purple","Low.3",183,185,188,190,192,197
"221",55,0,200,"Purple","Low.4",197,200,202,204,207,212
"222",60,0,195,"Purple","Low.5",212,214,217,219,221,226
"223",65,0,190,"Purple","Low.6",226,228,231,233,235,240
"224",70,0,185,"Purple","Low.7",240,242,245,247,249,254
"225",75,0,180,"Purple","Mid.1",155,158,162,165,168,175
"226",80,0,175,"Purple","Mid.2",175,178,182,185,188,195
"227",85,0,170,"Purple","Mid.3",195,198,201,204,208,214
"228",90,0,165,"Purple","Mid.4",214,217,221,224,227,234
"229",95,0,160,"Purple","Mid.5",234,237,241,244,247,254
"230",100,0,155,"Purple","Mid.1",155,158,162,165,168,175
"231",55,0,200,"Purple","Mid.2",175,178,182,185,188,195
"232",60,0,195,"Purple","Mid.3",195,198,201,204,208,214
"233",65,0,190,"Purple","Mid.4",214,217,221,224,227,234
"234",70,0,185,"Purple","Mid.5",234,237,241,244,247,254
"235",75,0,180,"Purple","High.1",155,163,172,180,188,204
"236",80,0,175,"Purple","High.2",180,188,196,204,213,229
"237",85,0,170,"Purple","High.3",204,213,221,229,238,254
"238",90,0,165,"Purple","High.1",155,163,172,180,188,204
"239",95,0,160,"Purple","High.2",180,188,196,204,213,229
"240",100,0,155,"Purple","High.3",204,213,221,229,238,254
"241",55,0,200,"Purple","Low.1",155,157,160,162,164,169
"242",60,0,195,"Purple","Low.2",169,171,174,176,178,183
"243",65,0,190,"Purple","Low.3",183,185,188,190,192,197
"244",70,0,185,"Purple","Low.4",197,200,202,204,207,212
"245",75,0,180,"Purple","Low.5",212,214,217,219,221,226
"246",80,0,175,"Purple","Low.6",226,228,231,233,235,240
"247",85,0,170,"Purple","Low.7",240,242,245,247,249,254
"248",90,0,165,"Purple","Low.1",155,157,160,162,164,169
"249",95,0,160,"Purple","Low.2",169,171,174,176,178,183
"250",100,0,155,"Purple","Low.3",183,185,188,190,192,197
"251",55,0,200,"Purple","Low.4",197,200,202,204,207,212
"252",60,0,195,"Purple","Low.5",212,214,217,219,221,226
"253",65,0,190,"Purple","Low.6",226,228,231,233,235,240
"254",70,0,185,"Purple","Low.7",240,242,245,247,249,254
"255",75,0,180,"Purple","Mid.1",155,158,162,165,168,175
"256",80,0,175,"Purple","Mid.2",175,178,182,185,188,195
"257",85,0,170,"Purple","Mid.3",195,198,201,204,208,214
"258",90,0,165,"Purple","Mid.4",214,217,221,224,227,234
"259",95,0,160,"Purple","Mid.5",234,237,241,244,247,254
"260",100,0,155,"Purple","Mid.1",155,158,162,165,168,175
"261",55,0,200,"Purple","Mid.2",175,178,182,185,188,195
"262",60,0,195,"Purple","Mid.3",195,198,201,204,208,214
"263",65,0,190,"Purple","Mid.4",214,217,221,224,227,234
"264",70,0,185,"Purple","Mid.5",234,237,241,244,247,254
"265",75,0,180,"Purple","High.1",155,163,172,180,188,204
"266",80,0,175,"Purple","High.2",180,188,196,204,213,229
"267",85,0,170,"Purple","High.3",204,213,221,229,238,254
"268",90,0,165,"Purple","High.1",155,163,172,180,188,204
"269",95,0,160,"Purple","High.2",180,188,196,204,213,229
"270",100,0,155,"Purple","High.3",204,213,221,229,238,254
"271",55,0,200,"Purple","Low.1",155,157,160,162,164,169
"272",60,0,195,"Purple","Low.2",169,171,174,176,178,183
"273",65,0,190,"Purple","Low.3",183,185,188,190,192,197
"274",70,0,185,"Purple","Low.4",197,200,202,204,207,212
"275",75,0,180,"Purple","Low.5",212,214,217,219,221,226
"276",80,0,175,"Purple","Low.6",226,228,231,233,235,240
"277",85,0,170,"Purple","Low.7",240,242,245,247,249,254
"278",90,0,165,"Purple","Low.1",155,157,160,162,164,169
"279",95,0,160,"Purple","Low.2",169,171,174,176,178,183
"280",100,0,155,"Purple","Low.3",183,185,188,190,192,197
"281",55,0,200,"Purple","Low.4",197,200,202,204,207,212
"282",60,0,195,"Purple","Low.5",212,214,217,219,221,226
"283",65,0,190,"Purple","Low.6",226,228,231,233,235,240
"284",70,0,185,"Purple","Low.7",240,242,245,247,249,254
"285",75,0,180,"Purple","Mid.1",155,158,162,165,168,175
"286",80,0,175,"Purple","Mid.2",175,178,182,185,188,195
"287",85,0,170,"Purple","Mid.3",195,198,201,204,208,214
"288",90,0,165,"Purple","Mid.4",214,217,221,224,227,234
"289",95,0,160,"Purple","Mid.5",234,237,241,244,247,254
"290",100,0,155,"Purple","Mid.1",155,158,162,165,168,175
"291",55,0,200,"Purple","Mid.2",175,178,182,185,188,195
"292",60,0,195,"Purple","Mid.3",195,198,201,204,208,214
"293",65,0,190,"Purple","Mid.4",214,217,221,224,227,234
"294",70,0,185,"Purple","Mid.5",234,237,241,244,247,254
"295",75,0,180,"Purple","High.1",155,163,172,180,188,204
"296",80,0,175,"Purple","High.2",180,188,196,204,213,229
"297",85,0,170,"Purple","High.3",204,213,221,229,238,254
"298",90,0,165,"Purple","High.1",155,163,172,180,188,204
"299",95,0,160,"Purple","High.2",180,188,196,204,213,229
"300",100,0,155,"Purple","High.3",204,213,221,229,238,254
"301",1,0,254,"Blue","Low.1",155,157,160,162,164,169
"302",5,0,250,"Blue","Low.2",169,171,174,176,178,183
"303",10,0,245,"Blue","Low.3",183,185,188,190,192,197
"304",15,0,240,"Blue","Low.4",197,200,202,204,207,212
"305",20,0,235,"Blue","Low.5",212,214,217,219,221,226
"306",25,0,230,"Blue","Low.6",226,228,231,233,235,240
"307",30,0,225,"Blue","Low.7",240,242,245,247,249,254
"308",35,0,220,"Blue","Low.1",155,157,160,162,164,169
"309",40,0,215,"Blue","Low.2",169,171,174,176,178,183
"310",45,0,210,"Blue","Low.3",183,185,188,190,192,197
"311",50,0,205,"Blue","Low.4",197,200,202,204,207,212
"312",1,0,254,"Blue","Low.5",212,214,217,219,221,226
"313",5,0,250,"Blue","Low.6",226,228,231,233,235,240
"314",10,0,245,"Blue","Low.7",240,242,245,247,249,254
"315",15,0,240,"Blue","Mid.1",155,158,162,165,168,175
"316",20,0,235,"Blue","Mid.2",175,178,182,185,188,195
"317",25,0,230,"Blue","Mid.3",195,198,201,204,208,214
"318",30,0,225,"Blue","Mid.4",214,217,221,224,227,234
"319",35,0,220,"Blue","Mid.5",234,237,241,244,247,254
"320",40,0,215,"Blue","Mid.1",155,158,162,165,168,175
"321",45,0,210,"Blue","Mid.2",175,178,182,185,188,195
"322",50,0,205,"Blue","Mid.3",195,198,201,204,208,214
"323",1,0,254,"Blue","Mid.4",214,217,221,224,227,234
"324",5,0,250,"Blue","Mid.5",234,237,241,244,247,254
"325",10,0,245,"Blue","High.1",155,163,172,180,188,204
"326",15,0,240,"Blue","High.2",180,188,196,204,213,229
"327",20,0,235,"Blue","High.3",204,213,221,229,238,254
"328",25,0,230,"Blue","High.1",155,163,172,180,188,204
"329",30,0,225,"Blue","High.2",180,188,196,204,213,229
"330",35,0,220,"Blue","High.3",204,213,221,229,238,254
"331",40,0,215,"Blue","Low.1",155,157,160,162,164,169
"332",45,0,210,"Blue","Low.2",169,171,174,176,178,183
"333",50,0,205,"Blue","Low.3",183,185,188,190,192,197
"334",1,0,254,"Blue","Low.4",197,200,202,204,207,212
"335",5,0,250,"Blue","Low.5",212,214,217,219,221,226
"336",10,0,245,"Blue","Low.6",226,228,231,233,235,240
"337",15,0,240,"Blue","Low.7",240,242,245,247,249,254
"338",20,0,235,"Blue","Low.1",155,157,160,162,164,169
"339",25,0,230,"Blue","Low.2",169,171,174,176,178,183
"340",30,0,225,"Blue","Low.3",183,185,188,190,192,197
"341",35,0,220,"Blue","Low.4",197,200,202,204,207,212
"342",40,0,215,"Blue","Low.5",212,214,217,219,221,226
"343",45,0,210,"Blue","Low.6",226,228,231,233,235,240
"344",50,0,205,"Blue","Low.7",240,242,245,247,249,254
"345",1,0,254,"Blue","Mid.1",155,158,162,165,168,175
"346",5,0,250,"Blue","Mid.2",175,178,182,185,188,195
"347",10,0,245,"Blue","Mid.3",195,198,201,204,208,214
"348",15,0,240,"Blue","Mid.4",214,217,221,224,227,234
"349",20,0,235,"Blue","Mid.5",234,237,241,244,247,254
"350",25,0,230,"Blue","Mid.1",155,158,162,165,168,175
"351",30,0,225,"Blue","Mid.2",175,178,182,185,188,195
"352",35,0,220,"Blue","Mid.3",195,198,201,204,208,214
"353",40,0,215,"Blue","Mid.4",214,217,221,224,227,234
"354",45,0,210,"Blue","Mid.5",234,237,241,244,247,254
"355",50,0,205,"Blue","High.1",155,163,172,180,188,204
"356",1,0,254,"Blue","High.2",180,188,196,204,213,229
"357",5,0,250,"Blue","High.3",204,213,221,229,238,254
"358",10,0,245,"Blue","High.1",155,163,172,180,188,204
"359",15,0,240,"Blue","High.2",180,188,196,204,213,229
"360",20,0,235,"Blue","High.3",204,213,221,229,238,254
"361",25,0,230,"Blue","Low.1",155,157,160,162,164,169
"362",30,0,225,"Blue","Low.2",169,171,174,176,178,183
"363",35,0,220,"Blue","Low.3",183,185,188,190,192,197
"364",40,0,215,"Blue","Low.4",197,200,202,204,207,212
"365",45,0,210,"Blue","Low.5",212,214,217,219,221,226
"366",50,0,205,"Blue","Low.6",226,228,231,233,235,240
"367",1,0,254,"Blue","Low.7",240,242,245,247,249,254
"368",5,0,250,"Blue","Low.1",155,157,160,162,164,169
"369",10,0,245,"Blue","Low.2",169,171,174,176,178,183
"370",15,0,240,"Blue","Low.3",183,185,188,190,192,197
"371",20,0,235,"Blue","Low.4",197,200,202,204,207,212
"372",25,0,230,"Blue","Low.5",212,214,217,219,221,226
"373",30,0,225,"Blue","Low.6",226,228,231,233,235,240
"374",35,0,220,"Blue","Low.7",240,242,245,247,249,254
"375",40,0,215,"Blue","Mid.1",155,158,162,165,168,175
"376",45,0,210,"Blue","Mid.2",175,178,182,185,188,195
"377",50,0,205,"Blue","Mid.3",195,198,201,204,208,214
"378",1,0,254,"Blue","Mid.4",214,217,221,224,227,234
"379",5,0,250,"Blue","Mid.5",234,237,241,244,247,254
"380",10,0,245,"Blue","Mid.1",155,158,162,165,168,175
"381",15,0,240,"Blue","Mid.2",175,178,182,185,188,195
"382",20,0,235,"Blue","Mid.3",195,198,201,204,208,214
"383",25,0,230,"Blue","Mid.4",214,217,221,224,227,234
"384",30,0,225,"Blue","Mid.5",234,237,241,244,247,254
"385",35,0,220,"Blue","High.1",155,163,172,180,188,204
"386",40,0,215,"Blue","High.2",180,188,196,204,213,229
"387",45,0,210,"Blue","High.3",204,213,221,229,238,254
"388",50,0,205,"Blue","High.1",155,163,172,180,188,204
"389",1,0,254,"Blue","High.2",180,188,196,204,213,229
"390",5,0,250,"Blue","High.3",204,213,221,229,238,254
"391",10,0,245,"Blue","Low.1",155,157,160,162,164,169
"392",15,0,240,"Blue","Low.2",169,171,174,176,178,183
"393",20,0,235,"Blue","Low.3",183,185,188,190,192,197
"394",25,0,230,"Blue","Low.4",197,200,202,204,207,212
"395",30,0,225,"Blue","Low.5",212,214,217,219,221,226
"396",35,0,220,"Blue","Low.6",226,228,231,233,235,240
"397",40,0,215,"Blue","Low.7",240,242,245,247,249,254
"398",45,0,210,"Blue","Low.1",155,157,160,162,164,169
"399",50,0,205,"Blue","Low.2",169,171,174,176,178,183
"400",1,0,254,"Blue","Low.3",183,185,188,190,192,197
"401",5,0,250,"Blue","Low.4",197,200,202,204,207,212
"402",10,0,245,"Blue","Low.5",212,214,217,219,221,226
"403",15,0,240,"Blue","Low.6",226,228,231,233,235,240
"404",20,0,235,"Blue","Low.7",240,242,245,247,249,254
"405",25,0,230,"Blue","Mid.1",155,158,162,165,168,175
"406",30,0,225,"Blue","Mid.2",175,178,182,185,188,195
"407",35,0,220,"Blue","Mid.3",195,198,201,204,208,214
"408",40,0,215,"Blue","Mid.4",214,217,221,224,227,234
"409",45,0,210,"Blue","Mid.5",234,237,241,244,247,254
"410",50,0,205,"Blue","Mid.1",155,158,162,165,168,175
"411",1,0,254,"Blue","Mid.2",175,178,182,185,188,195
"412",5,0,250,"Blue","Mid.3",195,198,201,204,208,214
"413",10,0,245,"Blue","Mid.4",214,217,221,224,227,234
"414",15,0,240,"Blue","Mid.5",234,237,241,244,247,254
"415",20,0,235,"Blue","High.1",155,163,172,180,188,204
"416",25,0,230,"Blue","High.2",180,188,196,204,213,229
"417",30,0,225,"Blue","High.3",204,213,221,229,238,254
"418",35,0,220,"Blue","High.1",155,163,172,180,188,204
"419",40,0,215,"Blue","High.2",180,188,196,204,213,229
"420",45,0,210,"Blue","High.3",204,213,221,229,238,254
"421",50,0,205,"Blue","Low.1",155,157,160,162,164,169
"422",1,0,254,"Blue","Low.2",169,171,174,176,178,183
"423",5,0,250,"Blue","Low.3",183,185,188,190,192,197
"424",10,0,245,"Blue","Low.4",197,200,202,204,207,212
"425",15,0,240,"Blue","Low.5",212,214,217,219,221,226
"426",20,0,235,"Blue","Low.6",226,228,231,233,235,240
"427",25,0,230,"Blue","Low.7",240,242,245,247,249,254
"428",30,0,225,"Blue","Low.1",155,157,160,162,164,169
"429",35,0,220,"Blue","Low.2",169,171,174,176,178,183
"430",40,0,215,"Blue","Low.3",183,185,188,190,192,197
"431",45,0,210,"Blue","Low.4",197,200,202,204,207,212
"432",50,0,205,"Blue","Low.5",212,214,217,219,221,226
"433",1,0,254,"Blue","Low.6",226,228,231,233,235,240
"434",5,0,250,"Blue","Low.7",240,242,245,247,249,254
"435",10,0,245,"Blue","Mid.1",155,158,162,165,168,175
"436",15,0,240,"Blue","Mid.2",175,178,182,185,188,195
"437",20,0,235,"Blue","Mid.3",195,198,201,204,208,214
"438",25,0,230,"Blue","Mid.4",214,217,221,224,227,234
"439",30,0,225,"Blue","Mid.5",234,237,241,244,247,254
"440",35,0,220,"Blue","Mid.1",155,158,162,165,168,175
"441",40,0,215,"Blue","Mid.2",175,178,182,185,188,195
"442",45,0,210,"Blue","Mid.3",195,198,201,204,208,214
"443",50,0,205,"Blue","Mid.4",214,217,221,224,227,234
"444",1,0,254,"Blue","Mid.5",234,237,241,244,247,254
"445",5,0,250,"Blue","High.1",155,163,172,180,188,204
"446",10,0,245,"Blue","High.2",180,188,196,204,213,229
"447",15,0,240,"Blue","High.3",204,213,221,229,238,254
"448",20,0,235,"Blue","High.1",155,163,172,180,188,204
"449",25,0,230,"Blue","High.2",180,188,196,204,213,229
"450",30,0,225,"Blue","High.3",204,213,221,229,238,254
"451",35,0,220,"Blue","Low.1",155,157,160,162,164,169
"452",40,0,215,"Blue","Low.2",169,171,174,176,178,183
"453",45,0,210,"Blue","Low.3",183,185,188,190,192,197
"454",50,0,205,"Blue","Low.4",197,200,202,204,207,212
"455",1,0,254,"Blue","Low.5",212,214,217,219,221,226
"456",5,0,250,"Blue","Low.6",226,228,231,233,235,240
"457",10,0,245,"Blue","Low.7",240,242,245,247,249,254
"458",15,0,240,"Blue","Low.1",155,157,160,162,164,169
"459",20,0,235,"Blue","Low.2",169,171,174,176,178,183
"460",25,0,230,"Blue","Low.3",183,185,188,190,192,197
"461",30,0,225,"Blue","Low.4",197,200,202,204,207,212
"462",35,0,220,"Blue","Low.5",212,214,217,219,221,226
"463",40,0,215,"Blue","Low.6",226,228,231,233,235,240
"464",45,0,210,"Blue","Low.7",240,242,245,247,249,254
"465",50,0,205,"Blue","Mid.1",155,158,162,165,168,175
"466",1,0,254,"Blue","Mid.2",175,178,182,185,188,195
"467",5,0,250,"Blue","Mid.3",195,198,201,204,208,214
"468",10,0,245,"Blue","Mid.4",214,217,221,224,227,234
"469",15,0,240,"Blue","Mid.5",234,237,241,244,247,254
"470",20,0,235,"Blue","Mid.1",155,158,162,165,168,175
"471",25,0,230,"Blue","Mid.2",175,178,182,185,188,195
"472",30,0,225,"Blue","Mid.3",195,198,201,204,208,214
"473",35,0,220,"Blue","Mid.4",214,217,221,224,227,234
"474",40,0,215,"Blue","Mid.5",234,237,241,244,247,254
"475",45,0,210,"Blue","High.1",155,163,172,180,188,204
"476",50,0,205,"Blue","High.2",180,188,196,204,213,229
"477",1,0,254,"Blue","High.3",204,213,221,229,238,254
"478",5,0,250,"Blue","High.1",155,163,172,180,188,204
"479",10,0,245,"Blue","High.2",180,188,196,204,213,229
"480",15,0,240,"Blue","High.3",204,213,221,229,238,254
"481",20,0,235,"Blue","Low.1",155,157,160,162,164,169
"482",25,0,230,"Blue","Low.2",169,171,174,176,178,183
"483",30,0,225,"Blue","Low.3",183,185,188,190,192,197
"484",35,0,220,"Blue","Low.4",197,200,202,204,207,212
"485",40,0,215,"Blue","Low.5",212,214,217,219,221,226
"486",45,0,210,"Blue","Low.6",226,228,231,233,235,240
"487",50,0,205,"Blue","Low.7",240,242,245,247,249,254
"488",1,0,254,"Blue","Low.1",155,157,160,162,164,169
"489",5,0,250,"Blue","Low.2",169,171,174,176,178,183
"490",10,0,245,"Blue","Low.3",183,185,188,190,192,197
"491",15,0,240,"Blue","Low.4",197,200,202,204,207,212
"492",20,0,235,"Blue","Low.5",212,214,217,219,221,226
"493",25,0,230,"Blue","Low.6",226,228,231,233,235,240
"494",30,0,225,"Blue","Low.7",240,242,245,247,249,254
"495",35,0,220,"Blue","Mid.1",155,158,162,165,168,175
"496",40,0,215,"Blue","Mid.2",175,178,182,185,188,195
"497",45,0,210,"Blue","Mid.3",195,198,201,204,208,214
"498",50,0,205,"Blue","Mid.4",214,217,221,224,227,234
"499",1,0,254,"Blue","Mid.5",234,237,241,244,247,254
"500",5,0,250,"Blue","Mid.1",155,158,162,165,168,175
"501",10,0,245,"Blue","Mid.2",175,178,182,185,188,195
"502",15,0,240,"Blue","Mid.3",195,198,201,204,208,214
"503",20,0,235,"Blue","Mid.4",214,217,221,224,227,234
"504",25,0,230,"Blue","Mid.5",234,237,241,244,247,254
"505",30,0,225,"Blue","High.1",155,163,172,180,188,204
"506",35,0,220,"Blue","High.2",180,188,196,204,213,229
"507",40,0,215,"Blue","High.3",204,213,221,229,238,254
"508",45,0,210,"Blue","High.1",155,163,172,180,188,204
"509",50,0,205,"Blue","High.2",180,188,196,204,213,229
"510",1,0,254,"Blue","High.3",204,213,221,229,238,254
"511",5,0,250,"Blue","Low.1",155,157,160,162,164,169
"512",10,0,245,"Blue","Low.2",169,171,174,176,178,183
"513",15,0,240,"Blue","Low.3",183,185,188,190,192,197
"514",20,0,235,"Blue","Low.4",197,200,202,204,207,212
"515",25,0,230,"Blue","Low.5",212,214,217,219,221,226
"516",30,0,225,"Blue","Low.6",226,228,231,233,235,240
"517",35,0,220,"Blue","Low.7",240,242,245,247,249,254
"518",40,0,215,"Blue","Low.1",155,157,160,162,164,169
"519",45,0,210,"Blue","Low.2",169,171,174,176,178,183
"520",50,0,205,"Blue","Low.3",183,185,188,190,192,197
"521",1,0,254,"Blue","Low.4",197,200,202,204,207,212
"522",5,0,250,"Blue","Low.5",212,214,217,219,221,226
"523",10,0,245,"Blue","Low.6",226,228,231,233,235,240
"524",15,0,240,"Blue","Low.7",240,242,245,247,249,254
"525",20,0,235,"Blue","Mid.1",155,158,162,165,168,175
"526",25,0,230,"Blue","Mid.2",175,178,182,185,188,195
"527",30,0,225,"Blue","Mid.3",195,198,201,204,208,214
"528",35,0,220,"Blue","Mid.4",214,217,221,224,227,234
"529",40,0,215,"Blue","Mid.5",234,237,241,244,247,254
"530",45,0,210,"Blue","Mid.1",155,158,162,165,168,175
"531",50,0,205,"Blue","Mid.2",175,178,182,185,188,195
"532",1,0,254,"Blue","Mid.3",195,198,201,204,208,214
"533",5,0,250,"Blue","Mid.4",214,217,221,224,227,234
"534",10,0,245,"Blue","Mid.5",234,237,241,244,247,254
"535",15,0,240,"Blue","High.1",155,163,172,180,188,204
"536",20,0,235,"Blue","High.2",180,188,196,204,213,229
"537",25,0,230,"Blue","High.3",204,213,221,229,238,254
"538",30,0,225,"Blue","High.1",155,163,172,180,188,204
"539",35,0,220,"Blue","High.2",180,188,196,204,213,229
"540",40,0,215,"Blue","High.3",204,213,221,229,238,254
"541",45,0,210,"Blue","Low.1",155,157,160,162,164,169
"542",50,0,205,"Blue","Low.2",169,171,174,176,178,183
"543",1,0,254,"Blue","Low.3",183,185,188,190,192,197
"544",5,0,250,"Blue","Low.4",197,200,202,204,207,212
"545",10,0,245,"Blue","Low.5",212,214,217,219,221,226
"546",15,0,240,"Blue","Low.6",226,228,231,233,235,240
"547",20,0,235,"Blue","Low.7",240,242,245,247,249,254
"548",25,0,230,"Blue","Low.1",155,157,160,162,164,169
"549",30,0,225,"Blue","Low.2",169,171,174,176,178,183
"550",35,0,220,"Blue","Low.3",183,185,188,190,192,197
"551",40,0,215,"Blue","Low.4",197,200,202,204,207,212
"552",45,0,210,"Blue","Low.5",212,214,217,219,221,226
"553",50,0,205,"Blue","Low.6",226,228,231,233,235,240
"554",1,0,254,"Blue","Low.7",240,242,245,247,249,254
"555",5,0,250,"Blue","Mid.1",155,158,162,165,168,175
"556",10,0,245,"Blue","Mid.2",175,178,182,185,188,195
"557",15,0,240,"Blue","Mid.3",195,198,201,204,208,214
"558",20,0,235,"Blue","Mid.4",214,217,221,224,227,234
"559",25,0,230,"Blue","Mid.5",234,237,241,244,247,254
"560",30,0,225,"Blue","Mid.1",155,158,162,165,168,175
"561",35,0,220,"Blue","Mid.2",175,178,182,185,188,195
"562",40,0,215,"Blue","Mid.3",195,198,201,204,208,214
"563",45,0,210,"Blue","Mid.4",214,217,221,224,227,234
"564",50,0,205,"Blue","Mid.5",234,237,241,244,247,254
"565",1,0,254,"Blue","High.1",155,163,172,180,188,204
"566",5,0,250,"Blue","High.2",180,188,196,204,213,229
"567",10,0,245,"Blue","High.3",204,213,221,229,238,254
"568",15,0,240,"Blue","High.1",155,163,172,180,188,204
"569",20,0,235,"Blue","High.2",180,188,196,204,213,229
"570",25,0,230,"Blue","High.3",204,213,221,229,238,254
"571",30,0,225,"Blue","Low.1",155,157,160,162,164,169
"572",35,0,220,"Blue","Low.2",169,171,174,176,178,183
"573",40,0,215,"Blue","Low.3",183,185,188,190,192,197
"574",45,0,210,"Blue","Low.4",197,200,202,204,207,212
"575",50,0,205,"Blue","Low.5",212,214,217,219,221,226
"576",1,0,254,"Blue","Low.6",226,228,231,233,235,240
"577",5,0,250,"Blue","Low.7",240,242,245,247,249,254
"578",10,0,245,"Blue","Low.1",155,157,160,162,164,169
"579",15,0,240,"Blue","Low.2",169,171,174,176,178,183
"580",20,0,235,"Blue","Low.3",183,185,188,190,192,197
"581",25,0,230,"Blue","Low.4",197,200,202,204,207,212
"582",30,0,225,"Blue","Low.5",212,214,217,219,221,226
"583",35,0,220,"Blue","Low.6",226,228,231,233,235,240
"584",40,0,215,"Blue","Low.7",240,242,245,247,249,254
"585",45,0,210,"Blue","Mid.1",155,158,162,165,168,175
"586",50,0,205,"Blue","Mid.2",175,178,182,185,188,195
"587",1,0,254,"Blue","Mid.3",195,198,201,204,208,214
"588",5,0,250,"Blue","Mid.4",214,217,221,224,227,234
"589",10,0,245,"Blue","Mid.5",234,237,241,244,247,254
"590",15,0,240,"Blue","Mid.1",155,158,162,165,168,175
"591",20,0,235,"Blue","Mid.2",175,178,182,185,188,195
"592",25,0,230,"Blue","Mid.3",195,198,201,204,208,214
"593",30,0,225,"Blue","Mid.4",214,217,221,224,227,234
"594",35,0,220,"Blue","Mid.5",234,237,241,244,247,254
"595",40,0,215,"Blue","High.1",155,163,172,180,188,204
"596",45,0,210,"Blue","High.2",180,188,196,204,213,229
"597",50,0,205,"Blue","High.3",204,213,221,229,238,254
"598",1,0,254,"Blue","High.1",155,163,172,180,188,204
"599",5,0,250,"Blue","High.2",180,188,196,204,213,229
"600",10,0,245,"Blue","High.3",204,213,221,229,238,254
"601",15,0,240,"Blue","Low.1",155,157,160,162,164,169
"602",20,0,235,"Blue","Low.2",169,171,174,176,178,183
"603",25,0,230,"Blue","Low.3",183,185,188,190,192,197
"604",30,0,225,"Blue","Low.4",197,200,202,204,207,212
"605",35,0,220,"Blue","Low.5",212,214,217,219,221,226
"606",40,0,215,"Blue","Low.6",226,228,231,233,235,240
"607",45,0,210,"Blue","Low.7",240,242,245,247,249,254
"608",50,0,205,"Blue","Low.1",155,157,160,162,164,169
"609",1,0,254,"Blue","Low.2",169,171,174,176,178,183
"610",5,0,250,"Blue","Low.3",183,185,188,190,192,197
"611",10,0,245,"Blue","Low.4",197,200,202,204,207,212
"612",15,0,240,"Blue","Low.5",212,214,217,219,221,226
"613",20,0,235,"Blue","Low.6",226,228,231,233,235,240
"614",25,0,230,"Blue","Low.7",240,242,245,247,249,254
"615",30,0,225,"Blue","Mid.1",155,158,162,165,168,175
"616",35,0,220,"Blue","Mid.2",175,178,182,185,188,195
"617",40,0,215,"Blue","Mid.3",195,198,201,204,208,214
"618",45,0,210,"Blue","Mid.4",214,217,221,224,227,234
"619",50,0,205,"Blue","Mid.5",234,237,241,244,247,254
"620",1,0,254,"Blue","Mid.1",155,158,162,165,168,175
"621",5,0,250,"Blue","Mid.2",175,178,182,185,188,195
"622",10,0,245,"Blue","Mid.3",195,198,201,204,208,214
"623",15,0,240,"Blue","Mid.4",214,217,221,224,227,234
"624",20,0,235,"Blue","Mid.5",234,237,241,244,247,254
"625",25,0,230,"Blue","High.1",155,163,172,180,188,204
"626",30,0,225,"Blue","High.2",180,188,196,204,213,229
"627",35,0,220,"Blue","High.3",204,213,221,229,238,254
"628",40,0,215,"Blue","High.1",155,163,172,180,188,204
"629",45,0,210,"Blue","High.2",180,188,196,204,213,229
"630",50,0,205,"Blue","High.3",204,213,221,229,238,254
