Start Date,End Date,Response Type,IP Address,Progress,Duration (in seconds),Finished,Recorded Date,Response ID,Recipient Last Name,Recipient First Name,Recipient Email,External Data Reference,Location Latitude,Location Longitude,Distribution Channel,User Language,1_What is your gender?,"2_My
curiosity about scientific issues has not changed.",3_I realize that there are things that I can do to make the world a better place.,"4_My ability to critically
  evaluate what I see in the media has not changed.",5_My confidence in my ability to understand science has increased.,"6_My
ability to apply scientific knowledge to new situations has not changed.","7_I am better able to remember the relationships between science
  concepts.","8_I understand it is up to me to master the science information I
  teach in class.",9_Learning about science changes my ideas about how the world works.,"10_My ability to apply scientific data to daily situations has
  increased.","11_I find I am better able to understand science concepts when I relate
them to my personal experiences.","12_This science activity has helped to increase my interest in working with
other people.",13_I am better able to work as part of a team to accomplish a task.,14_I am satisfied with my present teammates.,15_I am pleased with the way my teammates and I work together.,16_I am very satisfied with working in this team.,17_Being part of the team allows team members to do enjoyable work.,18_Team members get to participate in enjoyable activities.,19_Team members like the work that the group does.,20_Team members like each other.,21_Team members get along well.,22_Team members enjoy spending time together.,23_Our team is united in trying to reach its goals for performance.,24_I'm unhappy with my team's level of commitment to the task.,25_My ability to understand what I read in science texts has not changed.,"26_Our team members have conflicting aspirations for the team's
performance.",27_My ability to teach with a partner has increased.,28_Uvid
2/21/18 10:05,2/21/18 10:08,0,161.28.75.125,100,159,1,2/21/18 10:08,R_YWY3i1smgfc67zr,,,,,40.29029846,-111.7236023,anonymous,EN,0,1,5,1,3,3,3,5,5,4,5,4,4,5,5,5,5,4,4,4,5,3,5,5,3,5,3,10591331
2/21/18 10:11,2/21/18 10:52,0,161.28.249.121,100,2477,1,2/21/18 10:52,R_AB6FXt7HocnGYq5,,,,,40.29029846,-111.7236023,anonymous,EN,0,4,4,3,4,4,4,5,5,4,4,3,4,5,4,4,3,3,4,4,4,4,4,5,4,5,2,10647455
2/21/18 12:05,2/21/18 12:07,0,161.28.75.148,100,161,1,2/21/18 12:07,R_2rInqiMNdspEz56,,,,,40.29029846,-111.7236023,anonymous,EN,1,4,5,4,5,4,5,4,5,5,5,3,3,4,4,4,4,4,4,5,5,4,5,5,4,4,5,10678310
2/21/18 12:44,2/21/18 12:53,0,161.28.234.173,100,520,1,2/21/18 12:53,R_3CQxF6NKtO0q1jm,,,,,40.29029846,-111.7236023,anonymous,EN,1,2,4,4,4,4,3,4,3,3,4,3,3,2,4,3,4,4,3,4,3,4,2,2,4,3,4,10713339
2/21/18 13:48,2/21/18 13:50,0,161.28.96.149,100,133,1,2/21/18 13:50,R_UFlqX6MFgiFsop3,,,,,40.29029846,-111.7236023,anonymous,EN,0,5,4,1,5,5,5,5,5,4,5,3,2,4,4,4,3,3,2,4,4,3,4,5,4,5,3,10735089
2/21/18 15:50,2/21/18 15:53,0,172.58.38.159,100,155,1,2/21/18 15:53,R_ue8VzeT2H9bNjX3,,,,,37.33940125,-121.8950043,anonymous,EN,1,3,3,3,4,2,2,5,4,2,4,1,2,3,2,2,2,3,3,3,4,2,4,4,4,4,4,10778879
2/21/18 17:02,2/21/18 17:04,0,216.83.132.165,100,129,1,2/21/18 17:04,R_OloSqi2uv1t9YlP,,,,,40.65759277,-111.8840027,anonymous,EN,0,3,5,2,4,3,4,4,3,2,4,3,4,5,4,4,4,3,3,4,4,3,4,4,4,4,2,10808341
2/21/18 17:13,2/21/18 17:16,0,161.28.250.119,100,173,1,2/21/18 17:16,R_2EH1pXNigBzQd8a,,,,,40.29029846,-111.7236023,anonymous,EN,0,2,4,1,4,3,4,4,4,4,4,4,4,5,4,4,4,4,4,4,4,5,5,5,2,3,2,10642101
2/21/18 20:29,2/21/18 20:32,0,45.56.4.9,100,190,1,2/21/18 20:32,R_DiuPDHORERzbHgt,,,,,40.22639465,-111.6969986,anonymous,EN,1,4,4,2,1,4,2,3,4,2,5,3,4,4,4,4,4,2,4,4,4,4,4,2,3,4,2,10522336
2/22/18 8:44,2/22/18 8:46,0,161.28.250.174,100,147,1,2/22/18 8:46,R_28CGJgmwdtX12g7,,,,,40.29029846,-111.7236023,anonymous,EN,1,4,4,4,4,4,4,4,4,4,5,5,5,5,5,5,5,5,5,5,5,5,5,5,4,5,1,10774061
2/22/18 9:34,2/22/18 9:35,0,161.28.232.74,100,99,1,2/22/18 9:35,R_2TZWxzEzxj2K2d9,,,,,40.29029846,-111.7236023,anonymous,EN,0,1,4,5,4,4,4,5,5,5,3,4,4,4,4,4,3,3,4,4,5,3,5,5,4,5,3,10678282
2/22/18 11:20,2/22/18 11:22,0,161.28.9.200,100,127,1,2/22/18 11:22,R_3soD7ZWCQjSyomf,,,,,40.29029846,-111.7236023,anonymous,EN,1,5,5,4,4,4,4,5,5,4,5,3,3,1,1,1,1,3,1,4,4,3,1,1,4,3,2,10733701
2/22/18 12:48,2/22/18 12:50,0,65.100.222.221,100,123,1,2/22/18 12:50,R_2P6DMXaPYA1Cc4m,,,,,40.62469482,-111.7123032,anonymous,EN,1,2,4,1,3,4,4,5,5,4,4,5,4,5,5,5,5,5,5,5,5,4,4,5,4,5,2,10006972
2/22/18 12:58,2/22/18 13:01,0,161.28.249.45,100,153,1,2/22/18 13:01,R_33r9s3RWfLMocIS,,,,,40.29029846,-111.7236023,anonymous,EN,1,3,4,4,4,3,4,3,4,3,4,3,4,4,4,3,3,3,3,4,4,3,4,5,2,4,2,10783352
2/22/18 13:07,2/22/18 13:11,0,161.28.134.47,100,263,1,2/22/18 13:11,R_3KAwzHd2hbUwFJb,,,,,40.29029846,-111.7236023,anonymous,EN,1,4,4,3,3,3,4,5,5,5,5,4,4,5,4,4,4,4,4,5,5,4,5,5,2,5,2,10764568
2/22/18 16:16,2/22/18 16:20,0,161.28.232.141,100,220,1,2/22/18 16:20,R_23frgdo21dRdS08,,,,,40.29029846,-111.7236023,anonymous,EN,0,2,5,2,4,4,4,3,4,4,3,4,3,5,4,5,4,4,4,5,5,4,4,4,4,5,3,10337129
2/22/18 17:25,2/22/18 17:28,0,161.28.250.174,100,164,1,2/22/18 17:28,R_esM9M5elUCcMSiJ,,,,,40.29029846,-111.7236023,anonymous,EN,0,5,5,5,5,4,4,5,5,4,5,1,1,5,5,5,3,1,5,5,5,4,4,5,5,5,2,10275646
2/22/18 20:20,2/22/18 20:24,0,24.10.220.204,100,200,1,2/22/18 20:24,R_324jTwgd79DQfhu,,,,,40.29029846,-111.7236023,anonymous,EN,1,4,5,4,4,3,3,4,4,4,4,4,5,4,4,4,4,3,4,4,4,4,4,4,4,4,2,10731365
2/22/18 20:23,2/22/18 20:28,0,107.188.150.157,100,302,1,2/22/18 20:28,R_1LHeeiN3UGYuwZP,,,,,40.21809387,-111.6132965,anonymous,EN,0,4,4,2,4,4,4,4,4,4,4,4,4,2,3,3,4,3,3,3,3,3,4,2,2,2,2,10661872
2/22/18 20:28,2/22/18 20:30,0,63.226.66.84,100,113,1,2/22/18 20:30,R_WDwdT5VFmO8wGmB,,,,,40.65759277,-111.8840027,anonymous,EN,0,4,3,3,2,2,2,3,4,4,4,2,2,3,3,3,3,3,3,3,3,3,3,3,2,3,3,10627575
2/22/18 21:24,2/22/18 21:28,0,166.70.64.49,100,243,1,2/22/18 21:28,R_2uQcnnx6xrGH3JB,,,,,40.65759277,-111.8840027,anonymous,EN,0,4,4,4,4,4,4,4,4,4,4,4,4,4,4,4,4,4,3,4,4,3,4,4,4,4,3,10576014
2/23/18 9:18,2/23/18 9:19,0,67.2.175.198,100,44,1,2/23/18 9:19,R_1M5TQoTT34aqAdr,,,,,40.65829468,-111.9231033,anonymous,EN,0,3,3,3,3,3,3,3,3,3,3,3,3,3,3,3,3,3,3,3,3,3,3,3,3,3,3,10717300
2/23/18 11:24,2/23/18 11:27,0,161.28.254.41,100,175,1,2/23/18 11:27,R_2ZWWtdwShalqi0R,,,,,40.29029846,-111.7236023,anonymous,EN,1,2,4,4,3,2,4,4,3,3,4,2,3,2,2,2,3,3,3,3,2,2,4,3,2,2,2,10751183
2/23/18 13:28,2/23/18 13:30,0,161.28.242.164,100,125,1,2/23/18 13:30,R_1NgZJA7K6C6yeDq,,,,,40.29029846,-111.7236023,anonymous,EN,1,3,4,5,4,4,4,4,4,4,4,4,4,4,4,4,4,4,4,4,4,3,4,5,4,4,2,10686325
2/23/18 19:37,2/23/18 19:40,0,76.8.203.44,100,199,1,2/23/18 19:40,R_stIheLjmKNeStCF,,,,,40.32200623,-111.7466965,anonymous,EN,0,2,5,3,4,4,4,4,4,4,4,2,4,3,4,3,2,2,4,4,4,4,4,4,3,4,2,10646622
2/24/18 10:32,2/24/18 10:33,0,73.131.225.162,100,87,1,2/24/18 10:34,R_2SHzL9ii6B8dszz,,,,,40.32449341,-111.9617996,anonymous,EN,1,4,4,3,4,4,4,4,4,4,4,4,4,2,4,2,4,4,3,4,4,4,4,2,4,4,1,10766571
2/24/18 11:40,2/24/18 11:42,0,8.46.65.7,100,108,1,2/24/18 11:42,R_qEdP0eIJ47dM7dL,,,,,40.70019531,-111.9433975,anonymous,EN,1,4,4,3,5,5,5,5,5,5,5,3,3,4,4,3,4,4,5,4,4,4,3,4,4,3,2,10817493
2/24/18 12:23,2/24/18 12:31,0,73.65.197.182,100,471,1,2/24/18 12:31,R_2ccQedFQE7Eso86,,,,,40.51409912,-112.0329971,anonymous,EN,1,4,4,2,4,4,4,4,4,4,4,3,4,4,4,4,4,4,4,4,4,4,4,4,5,4,2,10784182
2/24/18 22:19,2/24/18 22:22,0,24.10.222.70,100,131,1,2/24/18 22:22,R_3RdBiYHYrUSPOyL,,,,,40.29679871,-111.6761017,anonymous,EN,1,3,4,4,4,4,4,4,4,4,3,4,4,5,5,5,5,4,4,5,5,5,5,5,2,5,2,10762899
2/24/18 18:07,2/24/18 22:27,0,76.27.62.240,100,15653,1,2/24/18 22:27,R_RXGuMuikIxfL1sZ,,,,,40.20899963,-111.473999,anonymous,EN,0,4,4,3,4,4,4,4,5,4,5,3,4,5,5,5,3,3,3,4,4,4,3,4,2,3,4,10783406
2/25/18 10:29,2/25/18 10:31,0,166.70.73.253,100,132,1,2/25/18 10:31,R_3372fPV7gflsUGQ,,,,,41.07130432,-111.9873962,anonymous,EN,0,2,4,2,3,3,2,4,4,3,4,3,4,4,4,4,4,4,3,3,3,3,4,3,2,4,3,10661674
2/25/18 11:33,2/25/18 11:35,0,64.72.222.200,100,118,1,2/25/18 11:35,R_3nOBnZEMNL27AnU,,,,,40.39300537,-111.7837982,anonymous,EN,0,3,4,3,4,4,4,4,4,4,4,4,4,4,4,4,4,4,4,4,4,4,4,5,4,5,2,10756431
2/25/18 12:03,2/25/18 12:10,0,174.52.181.105,100,411,1,2/25/18 12:10,R_2wdAQnr5NfsPbkq,,,,,40.22639465,-111.6969986,anonymous,EN,0,2,5,3,4,3,4,4,4,3,4,4,4,5,5,5,5,4,4,3,4,3,4,3,2,3,2,10523939
2/25/18 12:17,2/25/18 12:21,0,170.72.59.113,100,266,1,2/25/18 12:21,R_1pywgEjZXy4gO4X,,,,,40.62469482,-111.7123032,anonymous,EN,0,5,5,5,5,5,5,5,5,5,3,3,4,3,3,2,2,2,2,4,4,3,4,4,4,4,4,10664378
2/25/18 11:55,2/25/18 12:22,0,73.131.226.104,100,1610,1,2/25/18 12:22,R_2zr6u9TjKkfDfQP,,,,,40.34910583,-111.9047012,anonymous,EN,1,2,4,2,4,4,4,4,3,3,5,4,4,5,5,5,4,4,4,5,5,4,4,4,2,4,4,10776423
2/25/18 14:11,2/25/18 14:17,0,45.56.30.70,100,319,1,2/25/18 14:17,R_vO9PZd2vyJgOSnD,,,,,40.33929443,-111.5709,anonymous,EN,1,3,4,4,4,3,4,3,4,4,4,3,3,3,3,3,4,4,4,4,4,3,4,4,3,3,3,10766074
2/25/18 15:33,2/25/18 15:35,0,24.10.174.128,100,113,1,2/25/18 15:35,R_9pIOH2K4y1rdsOJ,,,,,40.49819946,-111.8435974,anonymous,EN,0,4,4,4,4,4,4,4,5,4,3,3,4,4,4,3,4,4,4,4,4,4,4,4,4,3,3,10741779
2/25/18 16:26,2/25/18 16:33,0,205.197.219.117,100,431,1,2/25/18 16:33,R_2Sf2wBilOHRVRaW,,,,,38.7532959,-112.1055984,anonymous,EN,1,2,5,2,4,3,4,4,4,3,4,3,4,4,5,4,3,4,4,4,5,4,4,5,3,4,3,10192599
2/25/18 17:43,2/25/18 17:47,0,45.56.4.9,100,241,1,2/25/18 17:47,R_2TpVMDC1748tTKg,,,,,40.21809387,-111.6132965,anonymous,EN,1,4,4,2,4,4,3,4,5,3,5,4,4,4,4,4,4,3,3,4,4,4,4,5,3,4,2,10522336
2/25/18 17:54,2/25/18 17:55,0,8.33.33.42,100,103,1,2/25/18 17:55,R_CfxJFKm5PUdPPFL,,,,,40.29029846,-111.7236023,anonymous,EN,1,3,5,2,3,3,3,3,4,3,3,3,4,5,4,4,4,4,4,4,4,3,4,4,3,4,3,10728996
2/25/18 18:49,2/25/18 18:52,0,170.72.33.76,100,176,1,2/25/18 18:52,R_1PdXKg46qTUnWGT,,,,,41.11439514,-112.0591965,anonymous,EN,1,4,4,5,4,4,2,5,5,4,3,4,3,4,4,4,5,4,4,4,4,3,3,5,3,4,4,10788850
2/25/18 19:37,2/25/18 19:38,0,65.130.208.172,100,96,1,2/25/18 19:38,R_1E1mdK6ykfue3nG,,,,,40.71499634,-111.8934021,anonymous,EN,0,4,4,5,4,4,4,4,5,4,4,2,1,3,2,2,1,1,1,3,3,3,2,2,4,2,2,10743394
2/25/18 19:43,2/25/18 19:45,0,67.2.11.0,100,129,1,2/25/18 19:45,R_2CKCpqKvECdT1gw,,,,,40.57650757,-111.8937988,anonymous,EN,1,3,3,2,4,3,2,4,4,2,4,1,2,3,2,3,2,3,2,3,3,2,4,5,3,4,4,10778879
2/25/18 19:56,2/25/18 20:00,0,63.78.215.50,100,268,1,2/25/18 20:00,R_2qr7PPlSMhMrIZI,,,,,40.29029846,-111.7236023,anonymous,EN,1,2,4,4,4,3,4,2,3,4,2,2,3,4,4,4,2,2,4,4,4,3,4,4,3,4,3,10686083
2/25/18 20:48,2/25/18 20:51,0,71.195.208.24,100,180,1,2/25/18 20:51,R_3NVcD6z3PzjI3Et,,,,,40.33929443,-111.5709,anonymous,EN,1,4,5,2,4,4,4,4,5,5,5,4,5,5,5,5,5,5,5,5,5,5,5,5,1,5,3,10723148
2/25/18 21:05,2/25/18 21:08,0,45.56.44.155,100,167,1,2/25/18 21:08,R_2VkxNRDthaALPmh,,,,,40.21809387,-111.6132965,anonymous,EN,1,4,4,3,2,4,4,4,2,4,2,4,4,4,4,4,4,2,4,4,4,4,4,4,3,4,3,10789880
2/25/18 21:18,2/25/18 21:21,0,24.2.84.215,100,224,1,2/25/18 21:21,R_1fkJVRscwmj1E2m,,,,,40.49819946,-111.8435974,anonymous,EN,1,2,4,3,5,3,5,5,5,3,5,4,5,5,5,5,5,5,5,5,5,5,5,5,4,5,1,10754508
2/25/18 21:27,2/25/18 21:32,0,73.131.225.234,100,331,1,2/25/18 21:32,R_2S91diEKvq0tShc,,,,,40.46470642,-111.6332016,anonymous,EN,0,2,2,2,2,2,4,3,4,3,3,4,4,5,5,5,5,5,5,5,5,5,5,5,2,5,3,10612322
2/25/18 21:36,2/25/18 21:40,0,8.33.33.42,100,226,1,2/25/18 21:40,R_1eDgnOIUDYHX4F0,,,,,40.29029846,-111.7236023,anonymous,EN,1,4,4,3,4,4,3,3,5,4,3,3,3,4,4,4,4,3,4,4,4,3,4,4,3,4,3,10778180
2/25/18 21:56,2/25/18 21:56,0,162.211.154.68,100,35,1,2/25/18 21:56,R_3ozqgwf1CtiV5OK,,,,,40.46470642,-111.6332016,anonymous,EN,0,2,2,2,4,2,3,5,5,5,4,4,2,4,4,3,4,3,2,4,3,3,4,1,2,3,3,10678282
2/25/18 21:54,2/25/18 21:59,0,63.248.131.251,100,324,1,2/25/18 21:59,R_1rcsv1QwreWOUuI,,,,,39.99760437,-111.8142014,anonymous,EN,1,2,4,2,3,3,3,4,4,2,4,2,3,3,3,2,4,4,2,4,4,2,2,4,2,3,4,10634543
2/25/18 21:59,2/25/18 22:02,0,45.56.50.71,100,162,1,2/25/18 22:02,R_20YI5c1gUk55XTU,,,,,40.21809387,-111.6132965,anonymous,EN,0,2,4,2,4,4,5,5,5,4,5,5,5,3,4,4,5,4,4,4,4,3,5,3,4,4,1,10690753
2/26/18 0:08,2/26/18 0:10,0,107.188.150.157,100,116,1,2/26/18 0:10,R_1IE03eMOJBGa4B7,,,,,40.21809387,-111.6132965,anonymous,EN,0,4,4,2,4,2,3,4,4,4,3,4,4,3,3,3,4,4,4,3,3,3,4,3,3,4,2,10661872
2/26/18 0:26,2/26/18 0:27,0,67.214.236.96,100,94,1,2/26/18 0:27,R_yK05ZC4ffmfjpcZ,,,,,41.21609497,-111.9712982,anonymous,EN,0,5,1,3,5,2,4,4,4,4,4,4,4,5,5,5,5,3,5,5,5,5,5,5,1,5,1,10789238
2/26/18 1:20,2/26/18 1:23,0,73.65.165.157,100,198,1,2/26/18 1:23,R_3ltPLhepkkTijWw,,,,,40.65609741,-111.8350983,anonymous,EN,0,4,5,4,4,3,4,3,4,4,4,2,3,5,5,5,4,4,3,5,5,5,4,4,3,4,3,10771130
2/26/18 4:16,2/26/18 4:19,0,204.228.136.157,100,224,1,2/26/18 4:19,R_2VvFzSF0mdNqdd7,,,,,41.07130432,-111.9873962,anonymous,EN,1,1,5,1,4,4,4,4,4,4,4,4,4,4,4,4,4,4,4,4,4,4,4,4,3,4,3,10231042
2/26/18 5:11,2/26/18 5:15,0,45.56.49.139,100,271,1,2/26/18 5:15,R_3fUljuqqraKWh8o,,,,,40.33929443,-111.5709,anonymous,EN,0,5,5,1,3,4,4,3,4,4,4,2,4,5,4,4,3,3,3,5,5,4,4,5,4,5,4,10627412
2/26/18 6:45,2/26/18 6:49,0,166.70.204.41,100,277,1,2/26/18 6:49,R_ZxGpIjpxcUomKm5,,,,,40.32200623,-111.7466965,anonymous,EN,1,1,4,1,4,4,4,4,4,4,5,3,3,3,3,3,2,4,4,4,4,3,4,2,4,2,3,10217214
2/26/18 8:26,2/26/18 8:28,0,161.28.93.23,100,130,1,2/26/18 8:28,R_2SpNEDpqTNAwRpG,,,,,40.29029846,-111.7236023,anonymous,EN,1,4,4,2,2,2,2,4,4,4,2,2,4,3,3,2,2,2,2,4,3,3,2,2,4,2,4,10791974
2/26/18 8:29,2/26/18 8:31,0,161.28.240.42,100,91,1,2/26/18 8:31,R_2CpQEKeL3tH77S8,,,,,40.29029846,-111.7236023,anonymous,EN,1,1,4,1,5,1,4,5,5,5,4,5,5,5,5,5,5,5,4,4,5,4,5,5,4,4,2,10006972
2/26/18 8:42,2/26/18 8:47,0,67.2.84.39,100,324,1,2/26/18 8:47,R_27JWKTBZPuXIDLu,,,,,40.65829468,-111.9231033,anonymous,EN,0,2,4,2,4,4,4,5,4,4,4,1,3,4,4,4,2,4,3,3,4,3,2,4,2,2,4,10544883
2/26/18 9:04,2/26/18 9:07,0,68.69.167.6,100,164,1,2/26/18 9:07,R_3L2bcHvYpwhQyv1,,,,,40.65829468,-111.9231033,anonymous,EN,0,4,4,4,4,4,4,4,4,4,4,4,4,5,4,4,4,3,4,4,4,3,4,4,4,4,2,10694768
2/26/18 9:19,2/26/18 9:21,0,216.83.132.165,100,162,1,2/26/18 9:21,R_2y7olQRDnkMGucB,,,,,40.29679871,-111.6761017,anonymous,EN,0,3,4,2,4,4,4,4,4,2,3,2,4,4,4,4,4,3,4,4,4,3,3,4,3,3,2,10808341
2/26/18 9:35,2/26/18 9:37,0,161.28.93.74,100,147,1,2/26/18 9:37,R_6YeyjHAXql52i1X,,,,,40.29029846,-111.7236023,anonymous,EN,0,4,5,4,5,5,5,4,5,4,5,4,4,5,5,5,5,5,5,5,5,5,5,5,5,4,2,10662629
2/26/18 9:41,2/26/18 9:43,0,161.28.91.71,100,115,1,2/26/18 9:43,R_2zx7um6Jji4sgB4,,,,,40.29029846,-111.7236023,anonymous,EN,1,2,4,4,2,4,4,4,5,4,4,3,3,3,2,2,2,2,2,4,4,3,4,3,4,4,2,10796866
2/26/18 9:42,2/26/18 9:44,0,161.28.91.42,100,144,1,2/26/18 9:44,R_1JKfLcw8OsoWwnG,,,,,40.29029846,-111.7236023,anonymous,EN,0,4,5,4,4,4,3,4,4,4,5,3,4,5,5,5,5,5,5,5,5,5,5,5,4,4,3,10844250
2/26/18 9:53,2/26/18 9:56,0,161.28.242.174,100,146,1,2/26/18 9:56,R_2RQYP7A501Ip1Xd,,,,,40.29029846,-111.7236023,anonymous,EN,0,4,4,4,4,3,2,4,2,3,4,2,3,4,4,4,4,4,3,4,4,4,4,4,3,4,3,10646520
2/26/18 10:00,2/26/18 10:03,0,161.28.73.235,100,197,1,2/26/18 10:03,R_1OOEmi5khH6NMm8,,,,,40.29029846,-111.7236023,anonymous,EN,0,1,5,1,3,3,3,5,5,4,5,3,3,5,5,5,5,4,5,5,5,3,5,5,3,5,3,10591331
2/26/18 10:05,2/26/18 10:08,0,161.28.232.200,100,151,1,2/26/18 10:08,R_2P1qgQfWGmcO7Eo,,,,,40.29029846,-111.7236023,anonymous,EN,0,2,4,3,4,4,4,4,3,4,5,3,5,5,5,5,5,5,4,5,5,5,4,4,3,1,2,10681139
2/26/18 10:11,2/26/18 10:14,0,161.28.82.151,100,145,1,2/26/18 10:14,R_1jdCLP0YrddG1qS,,,,,40.29029846,-111.7236023,anonymous,EN,1,2,4,2,2,4,4,4,4,4,4,2,3,3,3,2,2,2,1,4,4,3,2,3,2,4,3,10794504
2/26/18 10:31,2/26/18 10:45,0,161.28.10.6,100,840,1,2/26/18 10:45,R_3JknEqTObzIpkDB,,,,,40.29029846,-111.7236023,anonymous,EN,0,4,1,4,5,5,2,5,5,4,4,1,4,5,5,5,5,5,5,5,5,5,5,5,3,5,2,10709874
2/26/18 14:13,2/26/18 14:15,0,161.28.254.84,100,173,1,2/26/18 14:15,R_2QYbBFyHM9kpqbI,,,,,40.29029846,-111.7236023,anonymous,EN,1,2,4,3,4,2,4,4,4,4,5,4,4,3,3,3,3,3,3,3,3,3,3,3,2,2,2,10748843
2/26/18 14:39,2/26/18 14:40,0,161.28.254.254,100,80,1,2/26/18 14:40,R_1gTJfse4Oy1VJiY,,,,,40.29029846,-111.7236023,anonymous,EN,1,4,4,3,5,1,5,5,4,5,5,3,3,3,4,4,4,4,5,4,4,4,4,3,4,2,1,10817493
2/26/18 15:51,2/26/18 15:52,0,107.188.129.80,100,54,1,2/26/18 15:52,R_3fmHlmo8xZAbSJr,,,,,40.21809387,-111.6132965,anonymous,EN,1,3,2,5,2,1,1,2,2,4,3,4,5,2,4,5,1,1,2,4,4,2,3,5,4,5,4,10756376
2/26/18 15:49,2/26/18 15:53,0,64.72.222.250,100,293,1,2/26/18 15:53,R_1LzG3Nwe3ocMjp6,,,,,40.39300537,-111.7837982,anonymous,EN,0,4,4,4,4,3,4,3,4,4,4,1,4,4,4,5,1,2,4,5,5,3,4,4,3,4,3,10557678
2/26/18 16:36,2/26/18 16:38,0,76.8.208.180,100,143,1,2/26/18 16:38,R_3MESR3VnVzpb51j,,,,,40.29029846,-111.7236023,anonymous,EN,1,3,4,4,4,3,4,4,3,2,2,2,3,3,2,2,2,2,3,1,2,2,2,2,3,3,2,10684257
2/26/18 16:43,2/26/18 16:47,0,72.250.213.134,100,219,1,2/26/18 16:47,R_1dGC8QLFFmKmU9i,,,,,40.46470642,-111.6332016,anonymous,EN,0,1,4,3,4,4,4,4,4,4,3,3,3,5,5,5,3,2,3,4,4,4,4,5,4,5,3,10664872
2/26/18 17:43,2/26/18 17:46,0,174.52.13.45,100,170,1,2/26/18 17:46,R_1jJUWkORRkV6lfB,,,,,40.57650757,-111.8937988,anonymous,EN,0,3,4,2,4,2,4,4,4,5,4,1,1,3,3,3,1,1,3,3,4,3,3,3,2,5,4,10584193
2/26/18 17:53,2/26/18 17:55,0,24.10.216.110,100,130,1,2/26/18 17:55,R_UW8BxVgYGTsXQxb,,,,,40.29029846,-111.7236023,anonymous,EN,0,4,5,3,5,5,4,5,2,4,2,3,3,5,4,4,5,4,3,4,4,4,4,5,4,5,3,10736872
2/26/18 19:28,2/26/18 19:31,0,75.169.218.79,100,177,1,2/26/18 19:31,R_1KsdeTOQ0p4sBWB,,,,,40.60969543,-111.9391022,anonymous,EN,0,2,4,2,3,3,3,4,3,3,3,3,3,4,4,4,4,4,4,4,4,4,4,4,2,4,3,10033831
2/26/18 20:14,2/26/18 20:17,0,63.248.131.251,100,197,1,2/26/18 20:17,R_3MxJWFWU0MsFUov,,,,,39.99760437,-111.8142014,anonymous,EN,0,2,4,1,4,2,3,4,4,2,2,4,2,5,5,4,5,5,4,4,4,3,5,5,4,4,2,10698325
2/26/18 20:46,2/26/18 20:55,0,8.33.33.37,100,482,1,2/26/18 20:55,R_2ONlNYCq9TYr4we,,,,,40.29029846,-111.7236023,anonymous,EN,0,2,4,2,4,3,3,4,4,4,4,3,3,4,4,4,3,3,3,3,4,3,4,4,3,4,3,10713104
2/26/18 21:08,2/26/18 21:11,0,174.23.150.160,100,218,1,2/26/18 21:11,R_1FeV5DPIfoqvgXj,,,,,40.60969543,-111.9391022,anonymous,EN,0,5,1,2,5,4,5,5,5,5,4,4,4,5,5,5,4,3,4,5,5,3,4,4,4,4,2,10331065
2/26/18 21:13,2/26/18 21:21,0,24.2.97.144,100,503,1,2/26/18 21:21,R_3P67BTjRHaiVlha,,,,,41.21609497,-111.9712982,anonymous,EN,0,2,4,4,4,4,4,4,5,4,4,4,5,5,4,5,5,5,4,5,5,5,4,5,5,5,2,10804085
2/26/18 21:21,2/26/18 21:24,0,174.52.91.59,100,173,1,2/26/18 21:24,R_1XLiAaUL6ZlPxrX,,,,,40.46470642,-111.6332016,anonymous,EN,1,4,4,4,4,2,4,5,5,4,4,3,4,5,5,5,5,4,5,5,5,4,5,4,4,4,2,10742835
2/26/18 22:09,2/26/18 22:13,0,67.214.236.96,100,213,1,2/26/18 22:13,R_2ONMC67zFcJfstw,,,,,41.21609497,-111.9712982,anonymous,EN,0,1,4,2,4,3,3,5,4,3,3,3,3,4,5,5,4,4,3,4,5,3,4,5,2,5,4,10748574
2/26/18 22:08,2/26/18 22:17,0,63.248.133.23,100,523,1,2/26/18 22:17,R_24uWlbx7nuCPgfS,,,,,40.02670288,-111.6452026,anonymous,EN,0,4,3,2,4,4,2,2,4,4,3,4,5,4,3,4,4,3,5,5,5,4,4,5,4,5,3,10697832
2/26/18 22:30,2/26/18 22:33,0,45.56.4.199,100,151,1,2/26/18 22:33,R_2zwHM6uJECSr8i7,,,,,40.21809387,-111.6132965,anonymous,EN,0,4,4,2,4,4,4,4,5,4,4,4,4,4,4,4,4,4,3,4,4,4,4,4,4,4,2,10683929
2/26/18 22:33,2/26/18 22:35,0,66.87.126.63,100,162,1,2/26/18 22:35,R_2co20xwD5NET6GU,,,,,40.62359619,-111.9870987,anonymous,EN,0,2,5,2,3,3,3,4,4,3,4,4,4,4,5,4,4,4,4,4,4,4,4,4,3,4,2,10771956
2/26/18 22:32,2/26/18 22:39,0,107.188.156.150,100,419,1,2/26/18 22:39,R_2BzgL3acSwmtIyx,,,,,40.21809387,-111.6132965,anonymous,EN,0,2,4,2,4,3,4,4,4,4,4,4,3,4,4,4,4,3,4,3,3,3,3,4,3,2,2,10713485
2/26/18 23:05,2/26/18 23:08,0,67.199.163.116,100,160,1,2/26/18 23:08,R_1HdS2GARkuG9TsM,,,,,40.02780151,-111.5547028,anonymous,EN,0,4,3,3,4,4,4,4,5,4,4,3,4,5,4,4,5,4,4,4,4,4,4,2,4,4,2,10526892
2/26/18 23:57,2/26/18 23:59,0,198.91.57.26,100,146,1,2/26/18 23:59,R_3R7umJtTKOIBOGJ,,,,,40.65759277,-111.8840027,anonymous,EN,0,3,4,3,4,4,4,4,4,4,4,3,4,4,4,4,4,4,4,4,4,3,4,4,4,2,2,10824253
2/27/18 7:50,2/27/18 7:54,0,161.28.151.63,100,211,1,2/27/18 7:54,R_3J2XRAWJoMD52Vc,,,,,40.29029846,-111.7236023,anonymous,EN,0,3,2,4,4,4,4,5,4,4,4,4,4,4,4,5,3,4,4,5,5,5,4,4,4,4,2,10625004
2/27/18 9:23,2/27/18 9:26,0,161.28.164.147,100,158,1,2/27/18 9:26,R_3rZKSmkiN6xpZF0,,,,,40.29029846,-111.7236023,anonymous,EN,0,3,4,3,4,4,4,4,4,3,4,3,4,5,4,4,3,4,4,4,4,4,4,4,4,4,3,10798349
2/27/18 9:31,2/27/18 9:33,0,161.28.164.145,100,138,1,2/27/18 9:33,R_1eRDMKuPtaJ5gq7,,,,,40.29029846,-111.7236023,anonymous,EN,0,3,4,4,5,2,3,4,1,4,2,4,2,4,4,3,4,2,3,4,4,2,3,4,2,4,2,10831708
2/27/18 11:52,2/27/18 11:53,0,161.28.242.186,100,83,1,2/27/18 11:53,R_24k46EDDutldNWU,,,,,40.29029846,-111.7236023,anonymous,EN,1,4,4,4,4,4,4,4,5,4,4,4,4,4,4,4,3,3,3,4,4,3,4,4,4,4,2,10796866
2/27/18 11:56,2/27/18 12:14,0,161.28.242.212,100,1124,1,2/27/18 12:14,R_25u9yS4w8tjfIlU,,,,,40.29029846,-111.7236023,anonymous,EN,1,2,4,2,4,2,4,4,4,2,2,4,4,3,2,2,4,4,3,4,4,3,3,2,2,4,2,10733947
2/27/18 19:04,2/27/18 19:08,0,66.87.127.249,100,251,1,2/27/18 19:08,R_bfStem7XVULQmRz,,,,,40.70530701,-112.0848007,anonymous,EN,0,4,4,5,4,5,4,4,4,4,4,3,2,4,4,3,4,3,3,4,4,4,4,2,4,4,3,10732196
2/27/18 20:59,2/27/18 21:01,0,67.2.11.0,100,122,1,2/27/18 21:01,R_3lDMXMZpFKA0iZX,,,,,40.57650757,-111.8937988,anonymous,EN,1,4,2,4,3,3,2,4,4,4,4,2,3,2,4,3,2,2,4,3,3,2,4,1,4,4,4,10778879
2/28/18 9:57,2/28/18 10:04,0,161.28.242.176,100,391,1,2/28/18 10:04,R_1MKaGIXZVXXdYMw,,,,,40.29029846,-111.7236023,anonymous,EN,0,4,5,4,3,3,3,4,4,4,5,4,4,5,5,5,5,5,5,5,5,5,5,5,3,5,2,10844250
2/28/18 12:23,2/28/18 12:24,0,161.28.98.21,100,43,1,2/28/18 12:24,R_1QGwNi5jNJLS1OG,,,,,40.29029846,-111.7236023,anonymous,EN,0,3,1,3,4,4,2,1,1,2,4,2,5,2,3,3,2,2,2,3,2,4,4,1,3,4,4,10756376
2/28/18 16:08,2/28/18 16:10,0,198.233.203.50,100,103,1,2/28/18 16:10,R_3Dd8fpJNbAerXD8,,,,,33.68969727,-117.8502045,anonymous,EN,1,2,4,4,4,4,4,4,4,4,4,4,4,4,4,4,4,4,4,5,5,3,5,5,4,5,2,10686325
3/1/18 8:21,3/1/18 8:23,0,24.10.149.14,100,129,1,3/1/18 8:23,R_OwZgej8ydWFb1FT,,,,,40.58700562,-111.9878006,anonymous,EN,0,3,5,2,4,3,4,4,3,3,4,4,5,5,4,5,4,3,3,4,4,3,5,4,2,3,2,10746678
3/1/18 10:00,3/1/18 10:04,0,161.28.242.169,100,230,1,3/1/18 10:04,R_1GTaJKGu79GuCaR,,,,,40.29029846,-111.7236023,anonymous,EN,0,1,5,5,5,5,4,4,5,4,4,4,1,4,5,4,4,4,4,4,4,3,5,5,5,5,1,10797171
3/1/18 12:25,3/1/18 12:31,0,74.81.231.57,100,363,1,3/1/18 12:31,R_3g0n2fq98YkbRbQ,,,,,40.31410217,-112.006897,anonymous,EN,0,3,3,2,4,4,4,4,4,5,3,4,4,5,4,5,4,4,4,4,4,4,4,4,4,3,2,10801716
3/2/18 10:34,3/2/18 11:23,0,73.65.150.240,100,2939,1,3/2/18 11:23,R_2ydBen7jNl8iY5q,,,,,40.39300537,-111.7837982,anonymous,EN,1,2,4,4,4,2,4,4,4,4,4,4,5,5,,5,5,5,5,5,5,5,5,5,3,5,1,10762899
3/2/18 18:54,3/2/18 18:55,0,66.219.235.240,100,45,1,3/2/18 18:55,R_Oy84HEv33HBJJRf,,,,,40.21809387,-111.6132965,anonymous,EN,0,1,5,1,5,1,5,5,5,5,5,5,4,4,5,4,5,5,5,4,5,4,5,1,2,1,2,10718584
3/3/18 12:20,3/3/18 12:21,0,45.56.30.70,100,44,1,3/3/18 12:21,R_29gg1qkyZaHkmMC,,,,,40.33929443,-111.5709,anonymous,EN,1,1,3,3,3,3,3,2,5,4,3,2,1,2,3,,3,3,1,4,3,2,1,2,3,2,2,10766074
3/4/18 21:46,3/4/18 21:49,0,172.56.39.47,100,150,1,3/4/18 21:49,R_x3H4AisYiCygZFv,,,,,37.90109253,-121.3995056,anonymous,EN,1,2,4,2,3,3,3,5,4,3,3,2,4,3,4,3,4,3,2,4,4,4,2,2,2,2,2,10767182
3/5/18 9:59,3/5/18 9:59,0,161.28.242.198,100,44,1,3/5/18 9:59,R_2YKdc5Wg5XDlKtz,,,,,40.29029846,-111.7236023,anonymous,EN,0,5,1,5,1,5,1,1,1,1,1,1,1,1,1,1,1,1,1,3,3,3,3,3,3,3,3,10627412
3/5/18 10:03,3/5/18 10:04,0,161.28.10.100,100,44,1,3/5/18 10:04,R_32OVbKgsGAofPUK,,,,,40.29029846,-111.7236023,anonymous,EN,0,3,3,3,3,3,3,3,4,2,5,3,3,4,4,3,2,3,2,3,3,3,3,3,3,3,3,10717300
3/5/18 10:00,3/5/18 10:04,0,161.28.232.75,100,236,1,3/5/18 10:04,R_2QzmYqi0UHlmkPb,,,,,40.29029846,-111.7236023,anonymous,EN,0,2,4,3,4,2,4,4,4,2,4,2,3,4,4,4,3,3,2,4,4,3,4,2,4,3,2,10829903
3/5/18 10:02,3/5/18 10:04,0,161.28.242.142,100,134,1,3/5/18 10:05,R_277pzs3zf0I0mDX,,,,,40.29029846,-111.7236023,anonymous,EN,0,4,4,2,4,4,3,4,3,2,2,4,4,5,4,5,4,4,4,4,4,4,4,5,4,4,4,10745745
3/5/18 11:10,3/5/18 11:12,0,161.28.96.12,100,130,1,3/5/18 11:12,R_3ixUcy10vSITJw5,,,,,40.29029846,-111.7236023,anonymous,EN,0,2,4,2,5,4,3,5,4,4,4,2,3,4,4,4,3,3,4,4,4,3,4,5,4,4,3,10735089
3/5/18 11:19,3/5/18 11:22,0,161.28.242.242,100,122,1,3/5/18 11:22,R_3hfgdzr87aW2HEd,,,,,40.29029846,-111.7236023,anonymous,EN,0,4,5,4,1,5,5,5,5,5,5,5,5,5,5,5,5,5,5,5,5,5,5,5,4,5,1,10820770
3/5/18 11:22,3/5/18 11:26,0,161.28.255.175,100,269,1,3/5/18 11:26,R_3IagdIcCBzT6hvM,,,,,40.29029846,-111.7236023,anonymous,EN,0,4,3,4,4,4,3,3,4,3,4,4,2,5,5,5,4,4,3,5,5,4,4,4,2,3,3,10642101
3/5/18 11:23,3/5/18 11:27,0,161.28.230.113,100,221,1,3/5/18 11:27,R_ZLbkGKMI0FRBL6F,,,,,40.29029846,-111.7236023,anonymous,EN,0,1,4,1,4,5,4,4,4,5,4,4,5,5,4,5,4,5,5,4,4,4,5,5,4,5,2,10804085
3/5/18 11:42,3/5/18 11:45,0,161.28.235.45,100,142,1,3/5/18 11:45,R_3j1cpBsk23VGCLv,,,,,40.29029846,-111.7236023,anonymous,EN,0,3,5,3,4,4,4,5,4,4,3,3,4,4,4,4,4,4,4,4,4,4,4,4,4,4,3,10337129
3/5/18 12:00,3/5/18 12:08,0,161.28.234.248,100,443,1,3/5/18 12:08,R_1KrmNJ1reGSIIUC,,,,,40.29029846,-111.7236023,anonymous,EN,0,3,4,4,4,4,3,3,4,4,2,3,4,3,3,3,2,2,3,4,4,3,4,3,4,3,3,10737824
3/5/18 12:11,3/5/18 12:14,0,161.28.248.68,100,134,1,3/5/18 12:14,R_3F4M8VcJSGFujx0,,,,,40.29029846,-111.7236023,anonymous,EN,0,5,5,5,3,4,4,5,4,2,5,1,4,5,5,5,5,1,5,5,5,5,5,5,4,5,4,10275646
3/5/18 12:29,3/5/18 12:32,0,161.28.8.223,100,166,1,3/5/18 12:32,R_2EF80d1MOqduyTZ,,,,,40.29029846,-111.7236023,anonymous,EN,0,2,4,2,4,4,4,5,4,4,5,2,3,4,4,3,3,3,3,4,4,3,4,4,4,4,4,10544883
3/5/18 12:33,3/5/18 12:36,0,172.58.25.120,100,162,1,3/5/18 12:36,R_3O6cfTNAXzFDaHe,,,,,34.06590271,-117.7895966,anonymous,EN,0,4,4,4,4,4,5,4,5,4,5,4,5,5,4,4,4,4,4,4,4,3,4,4,4,4,1,10687047
3/5/18 12:36,3/5/18 12:39,0,161.28.233.5,100,151,1,3/5/18 12:39,R_31zIHyJeksISNln,,,,,40.29029846,-111.7236023,anonymous,EN,0,4,4,3,3,4,5,4,4,2,3,2,4,5,5,5,3,4,4,5,5,5,5,5,4,4,3,10783406
3/5/18 13:09,3/5/18 13:12,0,8.33.33.42,100,203,1,3/5/18 13:12,R_1Ibe3CxRRmx7SyO,,,,,40.29029846,-111.7236023,anonymous,EN,1,3,4,3,4,4,3,3,4,4,4,3,3,4,4,4,4,3,4,4,4,3,4,3,3,4,3,10778180
3/5/18 13:13,3/5/18 13:18,0,8.33.33.37,100,308,1,3/5/18 13:18,R_2urqBKjKMNbNcrq,,,,,40.29029846,-111.7236023,anonymous,EN,0,3,4,3,4,3,3,4,4,4,4,3,2,4,4,4,3,3,4,4,4,3,4,4,3,4,4,10713104
3/5/18 13:33,3/5/18 13:35,0,66.7.117.130,100,137,1,3/5/18 13:35,R_2zr70LG57MKDj2A,,,,,40.29029846,-111.7236023,anonymous,EN,0,2,4,2,4,3,4,4,4,4,4,4,4,4,4,4,4,4,4,5,5,4,4,4,2,4,2,10771956
3/5/18 13:34,3/5/18 13:36,0,73.65.150.240,100,104,1,3/5/18 13:36,R_tL4AUbtas1wmqIx,,,,,40.39300537,-111.7837982,anonymous,EN,1,4,4,4,5,4,4,5,4,5,3,4,5,5,5,5,5,5,5,5,5,5,5,5,3,5,1,10762899
3/5/18 14:32,3/5/18 14:34,0,107.188.156.150,100,160,1,3/5/18 14:34,R_Z4XOjjRxzmpuI6t,,,,,40.21809387,-111.6132965,anonymous,EN,0,2,4,3,4,2,4,4,4,2,4,3,3,4,4,4,4,2,4,4,4,3,3,3,2,3,3,10713485
3/5/18 15:08,3/5/18 15:09,0,24.10.174.128,100,83,1,3/5/18 15:09,R_UxAlkl2cOl6FaCd,,,,,40.49819946,-111.8435974,anonymous,EN,0,4,4,4,4,4,4,4,4,4,4,3,4,3,4,3,4,4,4,4,4,3,4,4,4,4,3,10741779
3/5/18 15:29,3/5/18 15:30,0,45.56.30.70,100,76,1,3/5/18 15:30,R_2YsLIwUUvulaV1t,,,,,40.21809387,-111.6132965,anonymous,EN,1,3,4,2,2,2,,2,4,,5,3,3,4,2,3,3,,3,5,3,3,,3,2,4,3,10766074
3/5/18 14:13,3/5/18 16:06,0,161.28.80.250,100,6836,1,3/5/18 16:06,R_eOFVbQZwAF6JhKx,,,,,40.29029846,-111.7236023,anonymous,EN,1,2,4,2,4,2,4,4,4,4,4,2,4,4,4,2,3,2,2,4,4,4,4,2,3,3,3,10794504
4/2/18 0:14,4/2/18 0:16,0,73.20.91.142,100,83,1,4/2/18 0:16,R_1o13z3p4b8ZDRMJ,,,,,40.39300537,-111.7837982,anonymous,EN,1,4,4,4,4,5,4,4,5,5,5,5,5,5,5,5,5,5,5,5,5,5,5,4,2,5,1,10777529
4/2/18 15:23,4/2/18 15:24,0,75.169.157.104,100,103,1,4/2/18 15:24,R_yNIDhPdBhzEY5q1,,,,,40.6499939,-112.0149994,anonymous,EN,0,3,4,3,4,3,3,3,3,3,3,3,4,4,4,4,4,4,4,4,4,3,4,4,3,4,3,10646772
4/3/18 0:43,4/3/18 0:44,0,45.56.26.10,100,109,1,4/3/18 0:44,R_qQmka29UZGGScy5,,,,,40.21809387,-111.6132965,anonymous,EN,1,4,4,4,5,5,4,4,5,5,5,4,5,5,5,5,5,4,5,5,5,5,5,4,5,4,3,10785330
4/3/18 8:21,4/3/18 8:22,0,166.70.141.226,100,74,1,4/3/18 8:22,R_6tAyoJkCjOHRmal,,,,,40.29029846,-111.7236023,anonymous,EN,1,3,4,3,4,3,4,4,4,4,4,4,4,5,4,4,4,4,4,4,4,4,4,4,3,4,2,10752762
4/3/18 10:04,4/3/18 10:08,0,174.52.128.76,100,241,1,4/3/18 10:08,R_2OJiqDaRaNBVZWt,,,,,40.31430054,-111.7116013,anonymous,EN,1,4,4,4,4,4,4,4,3,4,4,4,4,5,5,5,5,5,4,5,5,5,5,5,3,5,2,10751651
4/3/18 19:59,4/3/18 20:02,0,107.188.133.117,100,183,1,4/3/18 20:02,R_24uwfJaha03W284,,,,,40.21809387,-111.6132965,anonymous,EN,1,3,5,3,3,4,4,3,4,4,4,3,3,5,5,5,5,5,5,5,5,5,5,5,3,5,3,10835193
4/4/18 11:34,4/4/18 11:36,0,161.28.185.217,100,123,1,4/4/18 11:36,R_2qz9sqwd6ChYmqD,,,,,40.29029846,-111.7236023,anonymous,EN,1,4,5,4,4,4,4,4,4,4,4,4,4,4,4,4,4,4,4,5,5,5,5,5,4,4,2,10702038
4/4/18 12:14,4/4/18 12:16,0,24.216.233.18,100,142,1,4/4/18 12:16,R_27muSPr1uI6tdMs,,,,,46.07859802,-119.0872955,anonymous,EN,1,2,4,4,4,4,4,4,4,4,4,4,4,5,5,5,5,5,5,5,5,5,5,5,4,5,2,10683808
4/4/18 16:39,4/4/18 16:41,0,216.83.132.165,100,158,1,4/4/18 16:41,R_1lhK7KG22UBL3js,,,,,40.31430054,-111.7116013,anonymous,EN,0,2,4,4,2,2,2,4,3,2,2,2,4,4,4,4,4,4,4,4,4,3,4,4,2,4,4,10724436
4/4/18 16:41,4/4/18 16:43,0,64.72.216.201,100,125,1,4/4/18 16:43,R_2s6X5lSx5FxQXSP,,,,,40.39300537,-111.7837982,anonymous,EN,0,3,4,3,4,4,4,4,5,5,4,4,4,5,4,4,4,4,3,4,4,4,4,4,3,4,3,10698041
4/4/18 17:07,4/4/18 17:09,0,161.28.249.251,100,89,1,4/4/18 17:09,R_pF52Qs888tId76p,,,,,40.29029846,-111.7236023,anonymous,EN,1,4,5,4,4,4,4,5,4,4,4,4,4,5,5,5,5,5,5,5,5,5,5,5,4,5,2,10771266
4/4/18 20:58,4/4/18 21:01,0,107.188.129.182,100,182,1,4/4/18 21:01,R_1GHRoXroKWlrZ8i,,,,,40.21809387,-111.6132965,anonymous,EN,0,3,4,3,4,4,4,4,4,4,3,3,4,5,5,5,4,4,4,4,5,4,4,5,3,5,2,10807463
4/5/18 2:30,4/5/18 2:37,0,73.98.229.43,100,416,1,4/5/18 2:37,R_3ha5nijI7GuKeVQ,,,,,40.31430054,-111.7116013,anonymous,EN,1,4,5,4,4,4,4,2,4,4,4,4,4,5,5,5,5,5,5,5,5,5,5,5,4,5,2,10588629
4/5/18 12:19,4/5/18 12:22,0,66.219.223.246,100,180,1,4/5/18 12:22,R_2SDL2Ba3VKQtNOQ,,,,,40.29029846,-111.7236023,anonymous,EN,0,1,3,3,1,1,1,4,1,1,1,1,4,5,5,5,4,3,4,5,5,4,4,5,2,4,2,10761068
4/5/18 14:10,4/5/18 14:13,0,161.28.80.173,100,188,1,4/5/18 14:13,R_2PdFH1N0eZ8lF0W,,,,,40.29029846,-111.7236023,anonymous,EN,1,4,4,2,4,4,3,4,4,4,4,2,3,3,3,2,2,2,3,2,4,3,2,2,3,2,3,10747778
4/5/18 15:24,4/5/18 15:27,0,50.205.195.88,100,225,1,4/5/18 15:27,R_1n7rGgtkEsYVOhU,,,,,40.31430054,-111.7116013,anonymous,EN,0,2,4,2,4,2,4,2,4,4,3,4,5,5,5,5,5,5,5,5,5,5,5,5,4,5,3,10734814
4/5/18 17:41,4/5/18 17:43,0,107.77.228.172,100,109,1,4/5/18 17:43,R_2vYwoM6gWo7noF7,,,,,34.1072998,-118.3719025,anonymous,EN,0,5,5,3,5,4,4,5,5,5,5,5,5,5,5,5,5,5,5,5,5,5,5,4,4,4,2,10613694
4/6/18 11:01,4/6/18 11:02,0,161.28.74.51,100,79,1,4/6/18 11:02,R_s58heOAitJzjUGt,,,,,40.29029846,-111.7236023,anonymous,EN,1,4,4,4,4,4,4,2,2,3,3,3,3,3,3,2,3,3,3,3,3,5,5,1,3,4,2,10810104
4/6/18 18:22,4/6/18 18:23,0,45.56.54.6,100,83,1,4/6/18 18:23,R_3kn3NHiAkzVDBJr,,,,,40.33929443,-111.5709,anonymous,EN,1,5,4,4,5,5,5,5,5,4,3,4,4,5,5,5,4,4,4,5,5,4,5,5,5,5,2,10788907
4/6/18 20:32,4/6/18 20:35,0,174.52.21.191,100,126,1,4/6/18 20:35,R_dmxz4sF4T53AwrD,,,,,40.57650757,-111.8937988,anonymous,EN,0,4,4,3,4,4,5,3,4,3,5,3,3,4,5,4,4,4,5,5,5,4,4,4,2,3,4,10842764
4/7/18 15:28,4/7/18 15:34,0,67.214.249.166,100,366,1,4/7/18 15:34,R_2YJsxMI1ifHgVOs,,,,,40.71499634,-111.8934021,anonymous,EN,1,2,4,3,4,4,4,4,4,3,4,3,4,5,5,5,4,4,3,5,5,5,5,5,4,5,3,10807185
4/7/18 17:21,4/7/18 17:22,0,71.199.45.152,100,38,1,4/7/18 17:22,R_vIbztdrNFoN71w5,,,,,40.51409912,-112.0329971,anonymous,EN,0,3,3,3,4,2,4,4,4,3,4,3,3,3,3,3,3,3,3,3,4,4,3,4,3,3,3,10773351
4/7/18 17:14,4/7/18 17:25,0,107.188.140.72,100,678,1,4/7/18 17:25,R_3OeKk6i7MH8dmyR,,,,,40.21809387,-111.6132965,anonymous,EN,1,2,5,3,4,3,3,4,4,3,4,4,4,5,4,4,4,4,5,4,4,3,4,4,2,3,2,10721073
4/7/18 18:24,4/7/18 19:14,0,76.27.63.31,100,3044,1,4/7/18 19:14,R_1rN4uzXerLtf4pe,,,,,40.20899963,-111.473999,anonymous,EN,0,4,5,2,4,4,4,4,4,4,4,4,4,5,5,5,5,4,4,5,5,5,5,4,4,4,2,10031834
4/7/18 20:15,4/7/18 20:17,0,173.165.134.249,100,135,1,4/7/18 20:17,R_27ViMqZhfHKfyVx,,,,,40.74850464,-111.9860001,anonymous,EN,0,2,4,3,3,4,4,4,2,2,2,2,2,3,3,4,2,1,4,3,4,2,2,4,5,2,5,10650642
4/8/18 11:26,4/8/18 11:30,0,76.27.65.219,100,242,1,4/8/18 11:30,R_qPA88aWstEKGHbX,,,,,40.20899963,-111.473999,anonymous,EN,1,3,4,3,4,3,4,4,4,4,4,4,5,5,5,5,4,3,3,4,4,3,4,4,3,5,2,10667170
4/8/18 13:50,4/8/18 13:53,0,67.177.18.192,100,167,1,4/8/18 13:53,R_2rASSi0s6x2Uz2w,,,,,40.49819946,-111.8435974,anonymous,EN,1,3,4,3,4,3,4,4,4,4,5,4,4,4,4,4,4,4,4,4,4,4,4,5,3,4,2,10788887
4/8/18 20:17,4/8/18 20:18,0,66.219.236.170,100,102,1,4/8/18 20:18,R_3KJaJ8V289AhLao,,,,,40.33929443,-111.5709,anonymous,EN,1,4,4,4,4,4,4,4,4,3,4,5,5,5,5,5,5,5,5,5,5,5,5,5,4,5,2,10731862
4/8/18 23:52,4/8/18 23:54,0,45.56.58.186,100,82,1,4/8/18 23:54,R_1gp85AWkgDToSaL,,,,,40.33929443,-111.5709,anonymous,EN,1,4,4,4,5,4,4,4,4,4,4,4,4,5,5,5,5,5,4,5,5,5,5,5,4,4,2,10820258
4/8/18 23:57,4/9/18 0:01,0,45.56.45.116,100,236,1,4/9/18 0:01,R_3IQCdJuHi7Ulwok,,,,,40.33929443,-111.5709,anonymous,EN,0,2,5,2,4,3,4,5,4,3,4,4,4,5,5,5,5,5,5,5,5,5,5,4,3,4,1,10808167
4/9/18 8:40,4/9/18 8:42,0,161.28.91.12,100,121,1,4/9/18 8:42,R_ZKw2U9yNqMrD57z,,,,,40.29029846,-111.7236023,anonymous,EN,0,4,5,4,5,4,4,4,5,5,4,5,5,5,5,5,5,5,5,5,5,5,5,5,4,5,1,10761761
4/9/18 9:14,4/9/18 9:16,0,161.28.11.107,100,86,1,4/9/18 9:16,R_27lFAVOS7VEbDE6,,,,,40.29029846,-111.7236023,anonymous,EN,0,1,5,1,5,1,5,5,5,5,5,5,5,5,5,5,5,5,5,5,5,5,5,1,1,1,1,10792169
4/9/18 9:21,4/9/18 9:23,0,161.28.255.207,100,131,1,4/9/18 9:23,R_2RQRA4Wza9u52Mb,,,,,40.29029846,-111.7236023,anonymous,EN,0,3,4,3,3,4,4,3,2,4,4,3,4,5,5,5,5,5,5,5,5,5,5,5,3,5,3,10814975
4/9/18 9:29,4/9/18 9:32,0,161.28.242.226,100,168,1,4/9/18 9:32,R_6FsOoLXbLGE5eAp,,,,,40.29029846,-111.7236023,anonymous,EN,0,2,2,2,4,2,4,4,4,4,5,3,4,5,5,5,5,5,5,5,5,4,4,4,2,4,3,10650483
4/9/18 11:13,4/9/18 11:16,0,161.28.72.203,100,145,1,4/9/18 11:16,R_1BXx5NimALprVUV,,,,,40.29029846,-111.7236023,anonymous,EN,1,3,4,3,4,4,4,4,4,3,4,3,5,5,5,5,5,5,5,5,5,5,5,5,3,4,2,10810878
4/9/18 11:25,4/9/18 11:27,0,161.28.83.123,100,119,1,4/9/18 11:27,R_2zuu4qEdulEnzFc,,,,,40.29029846,-111.7236023,anonymous,EN,0,1,5,1,5,1,5,5,5,5,5,5,5,5,5,5,5,5,5,5,5,5,5,5,1,5,1,10614032
4/9/18 11:28,4/9/18 11:31,0,161.28.93.68,100,153,1,4/9/18 11:31,R_e2M7vC5GpEXokEN,,,,,40.29029846,-111.7236023,anonymous,EN,0,3,4,4,4,4,4,3,4,4,4,4,4,4,4,4,4,4,4,4,4,4,4,2,2,4,2,10539823
4/9/18 11:40,4/9/18 11:44,0,161.28.248.99,100,247,1,4/9/18 11:44,R_2Btff0K2lAlHPJY,,,,,40.29029846,-111.7236023,anonymous,EN,1,4,4,4,5,4,4,5,4,4,4,4,5,5,5,5,5,5,5,5,5,5,5,5,4,5,1,10785330
4/9/18 11:46,4/9/18 11:50,0,161.28.84.100,100,248,1,4/9/18 11:50,R_1n2zHaVZvqLvCHE,,,,,40.29029846,-111.7236023,anonymous,EN,1,4,4,4,4,4,4,5,4,4,4,4,4,5,5,5,4,4,4,5,5,5,4,4,4,4,2,10771684
4/9/18 12:13,4/9/18 12:16,0,216.83.132.165,100,171,1,4/9/18 12:16,R_3e3ryCjPlDRFiUw,,,,,40.31430054,-111.7116013,anonymous,EN,0,4,5,4,4,4,4,4,4,4,3,4,4,4,5,5,5,3,3,4,4,4,4,2,4,3,3,10698041
4/9/18 12:57,4/9/18 13:01,0,161.28.8.124,100,235,1,4/9/18 13:01,R_bl4yjDCMZV5WkCZ,,,,,40.29029846,-111.7236023,anonymous,EN,0,3,5,4,4,4,4,5,4,4,4,3,4,4,4,4,4,3,4,4,4,3,4,4,3,3,3,10769335
4/9/18 15:09,4/9/18 15:12,0,161.28.80.59,100,169,1,4/9/18 15:12,R_57n4PQJC7PFWhsR,,,,,40.29029846,-111.7236023,anonymous,EN,0,4,3,3,5,4,4,4,4,4,4,4,3,4,4,4,4,2,4,4,4,3,4,2,5,2,3,10814855
4/9/18 17:56,4/9/18 18:03,0,206.71.82.197,100,381,1,4/9/18 18:03,R_31oWm4Lhg3gOxmB,,,,,40.65759277,-111.8840027,anonymous,EN,0,2,4,3,3,3,3,4,4,3,4,3,4,4,4,3,3,3,4,4,4,4,4,4,3,3,3,10598356
4/9/18 18:49,4/9/18 18:51,0,160.7.239.42,100,119,1,4/9/18 18:51,R_2UhppcKrWUe6YrO,,,,,40.02780151,-111.5547028,anonymous,EN,1,4,5,4,5,4,4,4,5,3,4,4,4,2,2,2,4,4,3,3,4,3,4,2,4,4,2,10732480
4/9/18 19:00,4/9/18 19:03,0,174.23.145.144,100,204,1,4/9/18 19:03,R_3VqFl62j13jn02d,,,,,40.6499939,-112.0149994,anonymous,EN,0,3,5,5,4,4,4,2,4,4,5,3,4,4,4,4,5,5,4,4,4,3,4,2,4,2,2,10684260
4/9/18 19:33,4/9/18 19:39,0,205.204.46.222,100,328,1,4/9/18 19:39,R_1BXYM1QLObcvWQO,,,,,40.29029846,-111.7236023,anonymous,EN,0,4,4,3,4,4,4,4,4,4,4,3,3,5,5,5,4,4,4,5,5,4,4,5,4,4,3,10719588
4/9/18 19:45,4/9/18 19:47,0,161.28.91.136,100,125,1,4/9/18 19:47,R_1eIY7PDbaGLiHUN,,,,,40.29029846,-111.7236023,anonymous,EN,0,4,5,3,4,4,4,5,5,4,4,3,4,4,5,5,3,4,4,5,4,4,5,5,2,4,3,10661231
4/10/18 9:48,4/10/18 9:49,0,107.188.148.104,100,75,1,4/10/18 9:49,R_1DHdo7Yqago5KjG,,,,,40.21809387,-111.6132965,anonymous,EN,1,3,4,2,4,4,4,4,4,4,4,2,4,4,4,4,4,4,4,4,4,3,4,4,4,4,3,10680264
4/10/18 9:56,4/10/18 9:59,0,161.28.91.18,100,130,1,4/10/18 9:59,R_ujGorFAscZp1AEV,,,,,40.29029846,-111.7236023,anonymous,EN,1,4,4,4,4,4,4,4,4,4,4,4,4,5,5,4,4,4,3,4,4,4,4,4,4,4,2,10808067
4/10/18 10:06,4/10/18 10:16,0,161.28.81.222,100,563,1,4/10/18 10:16,R_1ls12QQeNg3IAem,,,,,40.29029846,-111.7236023,anonymous,EN,1,1,4,2,4,3,3,4,4,4,4,4,4,4,4,4,4,4,4,4,4,4,4,4,3,4,2,10660245
4/10/18 15:59,4/10/18 16:06,0,50.205.195.88,100,423,1,4/10/18 16:06,R_3iUbz9z0fcTeNjO,,,,,40.31430054,-111.7116013,anonymous,EN,0,4,4,2,4,4,4,4,4,4,4,4,4,5,5,5,5,5,5,5,5,5,5,4,4,4,2,10734814
4/10/18 16:07,4/10/18 16:09,0,50.205.195.88,100,88,1,4/10/18 16:09,R_3xWyU7gOY2WfVHH,,,,,40.31430054,-111.7116013,anonymous,EN,0,2,5,2,4,3,4,4,4,4,4,5,5,5,5,5,5,5,5,5,5,5,5,4,2,5,1,10734814
4/10/18 17:27,4/10/18 17:33,0,24.10.216.108,100,406,1,4/10/18 17:33,R_1iriGLa05FDAOea,,,,,40.29679871,-111.6761017,anonymous,EN,0,2,4,3,4,3,4,3,4,4,4,3,3,2,2,3,3,3,3,3,3,3,3,2,2,3,3,10731044
4/10/18 19:16,4/10/18 19:18,0,45.56.54.217,100,107,1,4/10/18 19:18,R_1GNwpOatbT6xHow,,,,,40.33929443,-111.5709,anonymous,EN,1,3,4,2,3,3,3,4,3,3,3,3,5,4,4,4,5,5,4,4,4,3,4,2,3,4,3,10810900
4/10/18 22:03,4/10/18 22:06,0,66.219.236.171,100,154,1,4/10/18 22:06,R_2uJ8WG2sb1FUCs0,,,,,40.33929443,-111.5709,anonymous,EN,0,4,4,3,4,4,4,4,4,4,2,4,4,4,4,4,4,3,4,4,4,4,4,4,2,4,3,10774899
4/10/18 22:20,4/10/18 22:23,0,166.70.141.226,100,187,1,4/10/18 22:23,R_3QMkpWNeKXYai14,,,,,40.29029846,-111.7236023,anonymous,EN,0,3,4,3,5,3,4,4,4,3,5,4,3,5,5,4,4,5,4,5,4,3,4,4,2,3,3,10782723
4/10/18 22:23,4/10/18 22:26,0,166.70.141.226,100,139,1,4/10/18 22:26,R_25hp1KumOYvSFz3,,,,,40.29029846,-111.7236023,anonymous,EN,0,2,5,2,4,3,4,5,4,4,5,3,4,5,5,5,4,4,3,4,4,4,4,4,3,3,3,10782723
4/11/18 9:55,4/11/18 9:58,0,161.28.9.223,100,124,1,4/11/18 9:58,R_2eRn7n7BQERsiGO,,,,,40.29029846,-111.7236023,anonymous,EN,0,4,4,4,4,4,3,4,4,4,2,3,4,5,5,5,5,5,5,5,5,5,5,5,3,4,2,10664451
4/11/18 10:30,4/11/18 10:33,0,161.28.166.136,100,185,1,4/11/18 10:33,R_1DGyIjlo1DTAyGO,,,,,40.29029846,-111.7236023,anonymous,EN,1,4,4,4,4,4,4,4,4,4,4,4,3,5,5,5,5,5,5,5,5,5,5,5,4,4,2,10683808
4/11/18 11:02,4/11/18 11:03,0,161.28.242.149,100,60,1,4/11/18 11:03,R_2aQeGH9gP83wuRT,,,,,40.29029846,-111.7236023,anonymous,EN,1,4,4,4,4,2,3,4,5,5,4,4,1,4,5,5,5,5,4,5,5,5,5,1,1,1,1,10771266
4/11/18 11:01,4/11/18 11:03,0,161.28.234.144,100,103,1,4/11/18 11:03,R_afmaQiQiaWVbFhD,,,,,40.29029846,-111.7236023,anonymous,EN,1,2,4,4,4,4,4,4,4,4,4,4,4,2,4,4,4,4,4,4,4,4,4,4,4,2,2,10791984
4/11/18 11:25,4/11/18 11:26,0,161.28.72.116,100,102,1,4/11/18 11:26,R_1g2xvOSzR5ehU8s,,,,,40.29029846,-111.7236023,anonymous,EN,1,2,4,3,2,3,4,4,2,3,3,2,4,4,4,4,4,4,4,4,4,4,4,4,2,4,3,10780669
4/11/18 12:33,4/11/18 12:34,0,161.28.232.89,100,89,1,4/11/18 12:34,R_3hlLOvY8uBlSdtT,,,,,40.29029846,-111.7236023,anonymous,EN,0,4,4,3,4,2,4,4,4,4,4,3,4,5,5,5,5,5,4,5,5,5,5,5,3,5,2,10807463
4/11/18 13:10,4/11/18 13:12,0,161.28.91.42,100,96,1,4/11/18 13:12,R_1pu4wkSc4ThUCKU,,,,,40.29029846,-111.7236023,anonymous,EN,0,4,4,4,5,4,4,4,3,4,3,4,4,5,5,5,4,4,4,5,5,4,5,4,4,4,2,10734251
4/11/18 14:11,4/11/18 14:17,0,45.56.44.50,100,322,1,4/11/18 14:17,R_DjfnClN6xMt4flv,,,,,40.22639465,-111.6969986,anonymous,EN,1,4,5,3,5,2,3,5,5,4,3,5,4,4,4,4,3,3,3,4,4,3,4,4,2,2,2,10809461
4/11/18 14:41,4/11/18 14:44,0,198.91.62.95,100,169,1,4/11/18 14:44,R_2xzuJ9ef4sGBa4v,,,,,40.65759277,-111.8840027,anonymous,EN,1,2,4,2,2,2,4,4,4,2,4,4,4,5,5,5,5,5,5,5,5,5,5,5,4,4,2,10806631
4/11/18 15:13,4/11/18 15:14,0,24.2.95.22,100,66,1,4/11/18 15:14,R_11YOOcKjarWXNLF,,,,,40.46470642,-111.6332016,anonymous,EN,1,2,3,3,3,3,3,3,3,3,3,3,3,3,3,3,3,3,3,3,3,3,3,3,3,5,2,10810643
4/11/18 15:14,4/11/18 15:15,0,24.2.95.22,100,8,1,4/11/18 15:15,R_3dS5wupzcRLkjTz,,,,,40.46470642,-111.6332016,anonymous,EN,,,,,,,,,,,,,,,,,,,,,,,,,,,,10810643
4/11/18 15:43,4/11/18 15:45,0,173.165.133.141,100,112,1,4/11/18 15:45,R_1pMdR9d8DZ1mN4E,,,,,40.32449341,-111.9617996,anonymous,EN,0,2,5,3,4,4,4,4,4,4,4,3,4,5,5,5,5,5,5,5,5,5,5,5,2,5,1,10802498
4/11/18 15:36,4/11/18 15:51,0,71.199.7.198,100,921,1,4/11/18 15:51,R_2CvIZDhQY3Ntlxg,,,,,40.46470642,-111.6332016,anonymous,EN,0,3,4,4,4,2,4,3,4,4,1,4,4,4,5,4,3,2,4,4,4,4,4,4,4,4,2,10741066
4/11/18 17:30,4/11/18 17:32,0,174.208.12.35,100,115,1,4/11/18 17:32,R_2w0lpPzSNNOuRLw,,,,,40.60920715,-111.881897,anonymous,EN,1,5,5,3,5,1,4,5,5,5,4,4,4,4,3,3,3,2,3,4,4,4,4,4,4,4,2,10835151
4/11/18 19:18,4/11/18 19:28,0,172.58.37.111,100,584,1,4/11/18 19:28,R_ukcSxsrtymVokRH,,,,,41.11439514,-112.0591965,anonymous,EN,1,3,5,3,4,4,4,4,4,4,5,5,5,5,4,5,4,3,4,5,5,4,4,4,4,4,1,10545011
4/11/18 19:43,4/11/18 19:49,0,24.2.72.240,100,379,1,4/11/18 19:49,R_2Qs6oG9RhLOVjk8,,,,,40.49819946,-111.8435974,anonymous,EN,1,4,5,3,4,3,4,4,4,3,4,4,4,5,4,5,5,5,5,5,5,5,4,5,3,5,2,10681199
4/11/18 20:40,4/11/18 20:46,0,65.181.58.40,100,349,1,4/11/18 20:46,R_SZgosRUJByzDGCd,,,,,40.35629272,-111.7324982,anonymous,EN,0,3,4,3,5,3,4,4,5,4,4,4,3,4,4,5,5,4,4,4,5,4,4,4,3,4,3,10682694
4/11/18 20:49,4/11/18 20:53,0,8.46.69.70,100,192,1,4/11/18 20:53,R_1MMM95d5OCuwyqC,,,,,40.70019531,-111.9433975,anonymous,EN,0,4,4,3,4,2,4,4,4,4,4,3,3,4,4,4,4,4,4,4,4,4,4,5,4,4,2,10704181
4/11/18 21:22,4/11/18 21:23,0,8.33.33.37,100,81,1,4/11/18 21:23,R_3GpNudlTSpojQoS,,,,,40.29029846,-111.7236023,anonymous,EN,0,1,4,1,5,4,4,5,5,4,4,3,4,4,4,3,4,4,4,3,5,3,4,3,1,3,3,10519316
4/11/18 21:51,4/11/18 21:51,0,98.202.198.49,100,33,1,4/11/18 21:51,R_1d4yHtLOgw1Cmcr,,,,,40.47740173,-112.0082016,anonymous,EN,0,5,3,2,1,5,3,4,5,5,3,1,2,2,3,5,2,2,3,5,2,3,3,1,1,3,5,10723617
4/11/18 22:16,4/11/18 22:19,0,66.219.252.158,100,162,1,4/11/18 22:19,R_1DHWChEqfRiycK1,,,,,40.33929443,-111.5709,anonymous,EN,1,2,5,3,3,3,3,3,4,4,4,4,5,4,5,5,5,5,5,4,4,4,4,4,3,4,3,10787277
4/11/18 22:22,4/11/18 22:25,0,24.10.225.32,100,226,1,4/11/18 22:25,R_2YKyliLtJvjbub6,,,,,40.46470642,-111.6332016,anonymous,EN,0,4,4,4,4,4,3,3,4,4,4,3,4,4,4,4,4,4,3,4,4,3,4,4,3,4,2,10819765
4/11/18 22:30,4/11/18 22:32,0,73.65.146.104,100,142,1,4/11/18 22:32,R_zT4YEm1wDaf7qA9,,,,,40.62359619,-111.9870987,anonymous,EN,0,2,3,2,4,4,4,4,4,2,4,2,2,4,4,4,4,4,3,4,3,3,4,4,2,4,3,10784917
4/11/18 22:30,4/11/18 22:33,0,66.29.178.7,100,188,1,4/11/18 22:33,R_1Kj1Izg8ux3kRJt,,,,,40.46470642,-111.6332016,anonymous,EN,1,4,4,4,4,4,4,4,4,4,4,4,4,5,5,5,5,5,5,5,5,5,5,5,4,5,2,10785441
4/11/18 22:43,4/11/18 22:46,0,45.56.6.89,100,150,1,4/11/18 22:46,R_29lXlcJt2Scq8M9,,,,,40.33929443,-111.5709,anonymous,EN,0,2,4,2,4,4,4,3,4,4,2,2,1,5,5,5,2,3,4,5,5,3,5,4,2,4,4,10814528
4/11/18 23:01,4/11/18 23:03,0,66.219.235.226,100,99,1,4/11/18 23:03,R_V4NfqF1RDT0oJgJ,,,,,40.33929443,-111.5709,anonymous,EN,1,4,4,3,4,4,4,4,4,4,4,4,5,5,5,5,5,5,5,5,5,5,5,4,2,4,2,10750396
4/11/18 23:16,4/11/18 23:18,0,107.77.227.37,100,109,1,4/11/18 23:18,R_1mwa2i8sLtExypS,,,,,34.0625,-118.1228027,anonymous,EN,1,2,5,3,3,2,2,2,3,3,4,2,2,5,4,5,4,4,3,5,4,4,4,5,2,4,3,10807713
4/11/18 23:38,4/11/18 23:40,0,66.87.127.105,100,113,1,4/11/18 23:40,R_3P4SgqWFkTwY2zX,,,,,40.70019531,-111.9433975,anonymous,EN,1,4,4,2,4,4,4,4,4,4,4,4,5,5,5,5,5,5,5,5,5,5,5,4,4,4,2,10797654
4/25/18 23:55,4/25/18 23:58,0,76.27.100.35,100,155,1,4/25/18 23:58,R_1175MSHOTtUt1KJ,,,,,40.20899963,-111.473999,anonymous,EN,1,4,4,4,4,4,3,4,4,4,4,2,3,2,2,2,3,3,2,4,4,3,2,1,4,1,3,10733701
4/26/18 7:03,4/26/18 7:05,0,66.219.220.72,100,139,1,4/26/18 7:05,R_20TAh5grFitRlRq,,,,,40.29029846,-111.7236023,anonymous,EN,0,4,5,2,4,2,2,4,4,2,4,1,3,1,4,1,1,1,2,4,4,4,4,1,3,4,2,10829903
4/26/18 7:05,4/26/18 7:06,0,66.219.220.72,100,36,1,4/26/18 7:06,R_2TnjiQ5kMtSocv9,,,,,40.29029846,-111.7236023,anonymous,EN,0,3,4,3,2,3,3,3,3,2,4,2,2,4,3,2,4,2,3,4,4,4,3,1,4,2,3,10829903
4/26/18 8:41,4/26/18 8:42,0,45.56.30.70,100,77,1,4/26/18 8:42,R_1MXOHjOqUz8ZpZf,,,,,40.22639465,-111.6969986,anonymous,EN,1,2,2,2,4,1,4,3,1,3,2,4,4,3,3,5,4,2,4,3,3,4,4,1,3,4,3,10766074
4/26/18 8:55,4/26/18 8:58,0,174.23.213.124,100,151,1,4/26/18 8:58,R_DbKtsQtOMJOy1Vv,,,,,40.6499939,-112.0149994,anonymous,EN,0,1,5,2,5,1,5,5,5,5,5,5,4,5,5,5,5,4,5,5,5,4,5,5,1,4,2,10331065
4/26/18 9:00,4/26/18 9:02,0,161.28.151.53,100,96,1,4/26/18 9:02,R_3Pvo1jhifEkvhK1,,,,,40.29029846,-111.7236023,anonymous,EN,0,3,4,2,4,4,3,4,4,4,4,3,4,4,4,4,4,3,4,4,4,3,3,3,3,3,3,10713104
4/26/18 9:28,4/26/18 9:30,0,170.72.5.132,100,117,1,4/26/18 9:30,R_1oomj7ONsuWb8gu,,,,,40.32449341,-111.9617996,anonymous,EN,0,4,4,4,4,4,4,4,4,4,4,3,4,4,4,4,4,4,4,4,4,4,4,4,4,4,2,10732196
4/26/18 9:47,4/26/18 9:50,0,161.28.74.220,100,151,1,4/26/18 9:50,R_1DMCQjuAN0G67Fy,,,,,40.29029846,-111.7236023,anonymous,EN,0,3,5,2,4,3,4,5,5,4,5,4,3,5,5,5,5,3,4,4,4,3,5,5,3,4,3,10591331
4/26/18 10:05,4/26/18 10:07,0,161.28.235.243,100,137,1,4/26/18 10:07,R_2wLEHDbOZysThlf,,,,,40.29029846,-111.7236023,anonymous,EN,0,3,5,1,5,4,5,4,4,4,4,4,5,5,5,5,5,3,5,5,5,5,5,5,4,5,1,10789238
4/26/18 10:05,4/26/18 10:08,0,161.28.236.198,100,141,1,4/26/18 10:08,R_2ZZTqLVGN4z9paq,,,,,40.29029846,-111.7236023,anonymous,EN,0,3,4,4,4,3,4,4,4,4,4,4,4,5,5,5,4,5,5,5,5,4,4,4,4,5,2,10337129
4/26/18 10:23,4/26/18 10:25,0,161.28.254.49,100,146,1,4/26/18 10:25,R_1Q0gthNuCn3WkKK,,,,,40.29029846,-111.7236023,anonymous,EN,1,3,4,4,4,4,4,4,4,4,4,4,4,4,4,4,4,4,4,4,4,4,4,4,3,4,2,10813904
4/26/18 11:21,4/26/18 11:25,0,174.52.91.59,100,255,1,4/26/18 11:25,R_3kbUyuFLjTHxUEH,,,,,40.46470642,-111.6332016,anonymous,EN,1,4,4,4,4,4,4,5,4,4,5,3,3,4,5,5,4,5,4,4,5,3,5,4,4,4,2,10742835
4/26/18 12:25,4/26/18 12:28,0,161.28.82.121,100,149,1,4/26/18 12:28,R_2QsqId4QmsdwsbI,,,,,40.29029846,-111.7236023,anonymous,EN,0,4,5,4,4,4,4,4,4,4,4,4,4,5,5,5,5,5,5,5,5,5,5,5,4,4,3,10820770
4/26/18 13:05,4/26/18 13:09,0,107.188.156.150,100,239,1,4/26/18 13:09,R_DkoU2PwKBIE3CYp,,,,,40.21809387,-111.6132965,anonymous,EN,0,2,4,2,4,2,4,4,4,4,4,3,3,3,3,2,3,2,3,4,4,2,3,2,2,3,2,10713485
4/26/18 13:21,4/26/18 13:27,0,161.28.134.47,100,338,1,4/26/18 13:27,R_21dEEc82fcTSzvg,,,,,40.29029846,-111.7236023,anonymous,EN,1,4,3,4,4,5,4,5,4,4,4,3,4,5,4,4,4,4,4,4,5,4,4,4,4,4,2,10764568
4/26/18 14:12,4/26/18 14:14,0,76.8.208.195,100,102,1,4/26/18 14:14,R_1kGKnbmQOqmFiqW,,,,,40.29029846,-111.7236023,anonymous,EN,0,4,4,3,4,2,4,4,4,4,4,4,5,5,5,5,5,5,5,5,5,5,5,4,3,4,2,10805783
4/26/18 14:22,4/26/18 14:25,0,50.252.143.185,100,182,1,4/26/18 14:25,R_01YaFFCrVtsd3k5,,,,,40.65829468,-111.9231033,anonymous,EN,1,3,4,3,4,3,4,4,4,3,4,3,3,2,3,2,4,3,3,3,4,3,4,1,3,2,3,10778180
4/26/18 20:48,4/26/18 20:51,0,45.56.24.101,100,124,1,4/26/18 20:51,R_2P8808eOR0VZQea,,,,,40.33929443,-111.5709,anonymous,EN,0,5,4,3,5,5,4,4,5,5,4,4,5,5,5,5,5,5,5,5,5,5,5,5,4,5,1,10651493
4/26/18 21:39,4/26/18 21:42,0,63.248.131.251,100,220,1,4/26/18 21:42,R_2uVBVtpmT7hcylG,,,,,39.99760437,-111.8142014,anonymous,EN,1,2,4,2,2,2,2,2,2,2,2,2,2,4,4,4,2,4,2,4,4,4,2,4,1,4,2,10634543
4/26/18 22:24,4/26/18 22:27,0,63.248.131.251,100,225,1,4/26/18 22:27,R_2DOoBl7fXb8zDHX,,,,,39.99760437,-111.8142014,anonymous,EN,0,4,4,3,2,2,4,3,4,2,2,4,4,5,5,5,5,5,4,4,5,5,4,4,3,5,2,10698325
4/26/18 23:26,4/26/18 23:29,0,205.197.219.98,100,147,1,4/26/18 23:29,R_pGj3T1lsUizPc3v,,,,,39.68730164,-111.8309021,anonymous,EN,0,4,5,4,5,4,5,5,5,4,4,4,4,4,5,4,4,4,4,5,5,4,4,4,4,5,2,10259870
4/28/18 19:36,4/28/18 19:38,0,67.2.52.202,100,92,1,4/28/18 19:38,R_1gezt62qlsKnkD0,,,,,40.65829468,-111.9231033,anonymous,EN,0,3,4,3,4,3,4,4,4,4,4,4,4,4,5,5,4,4,4,4,4,4,4,5,3,5,2,10798349
4/29/18 13:57,4/29/18 14:00,0,73.65.197.182,100,143,1,4/29/18 14:00,R_1n0WZdfx5hBEkLf,,,,,40.51409912,-112.0329971,anonymous,EN,1,4,4,4,4,4,4,4,5,4,4,3,4,4,3,4,4,4,4,4,4,4,3,3,4,4,4,10784182
4/30/18 5:38,4/30/18 5:40,0,24.10.162.138,100,123,1,4/30/18 5:40,R_2CUJZaxSHjJfmZe,,,,,40.33929443,-111.5709,anonymous,EN,1,4,4,4,4,3,4,4,3,4,4,4,4,4,4,4,4,4,4,4,4,2,4,4,4,4,2,10748749