Start Date,End Date,Response Type,IP Address,Progress,Duration (in seconds),Finished,Recorded Date,Response ID,Recipient Last Name,Recipient First Name,Recipient Email,External Data Reference,Location Latitude,Location Longitude,Distribution Channel,User Language,1_What is your gender?,2_I realize that there are things that I can do to make the world a better place.,3_My confidence in my ability to understand science has increased.,"4_I am better able to remember the relationships between science
  concepts.","5_I understand it is up to me to master the science information I
  teach in class.",6_Learning about science changes my ideas about how the world works.,"7_My ability to apply scientific data to daily situations has
  increased.","8_I find I am better able to understand science concepts when I relate
them to my personal experiences.","9_This science activity has helped to increase my interest in working with
other people.",10_I am better able to work as part of a team to accomplish a task.,11_I am satisfied with my present teammates.,12_I am pleased with the way my teammates and I work together.,13_I am very satisfied with working in this team.,14_Being part of the team allows team members to do enjoyable work.,15_Team members get to participate in enjoyable activities.,16_Team members like the work that the group does.,17_Team members like each other.,18_Team members get along well.,19_Team members enjoy spending time together.,20_Our team is united in trying to reach its goals for performance.,21_I'm unhappy with my team's level of commitment to the task.,"22_Our team members have conflicting aspirations for the team's
performance.",23_Uvid
2/12/18 19:40,2/12/18 19:45,0,174.52.21.191,100,246,1,2/12/18 19:45,R_Uu8fXpEnkj4OrFT,,,,,40.57650757,-111.8937988,anonymous,EN,0,4,4,4,4,4,4,5,5,4,5,5,5,5,4,5,5,5,5,5,5,5,10842764
2/12/18 22:16,2/12/18 22:17,0,76.76.254.118,100,64,1,2/12/18 22:17,R_3Q0p8w6HmzVFFd1,,,,,40.46470642,-111.6332016,anonymous,EN,1,4,5,5,5,5,5,4,5,5,5,5,5,5,5,5,5,5,5,5,5,5,10777529
2/13/18 12:14,2/13/18 12:17,0,216.83.132.165,100,170,1,2/13/18 12:17,R_DdHNxnSpqUo5RWF,,,,,40.29690552,-111.694603,anonymous,EN,0,5,3,4,4,3,4,5,2,3,4,4,3,4,4,4,4,4,3,4,4,4,10724436
2/13/18 13:48,2/13/18 13:50,0,24.11.4.236,100,96,1,2/13/18 13:50,R_RrHeWaqYAjBbL8t,,,,,40.46470642,-111.6332016,anonymous,EN,0,4,4,4,4,4,4,3,4,4,4,4,4,5,5,5,5,5,4,4,3,3,10539823
2/13/18 13:52,2/13/18 13:55,0,161.28.9.216,100,152,1,2/13/18 13:55,R_3I9Kh5TUJoTy14n,,,,,40.29029846,-111.7236023,anonymous,EN,0,4,3,3,4,2,1,4,3,3,2,2,3,3,3,4,3,3,2,3,4,4,10794731
2/13/18 16:36,2/13/18 16:38,0,45.56.54.6,100,90,1,2/13/18 16:38,R_1M50ioZM72Yp9Rn,,,,,40.33929443,-111.5709,anonymous,EN,1,5,5,5,5,5,5,4,2,4,4,4,3,3,3,4,4,4,3,4,4,4,10788907
2/14/18 11:05,2/14/18 11:07,0,216.83.132.165,100,126,1,2/14/18 11:07,R_2TRBxd99UewCC7Y,,,,,40.29690552,-111.694603,anonymous,EN,1,4,4,4,4,4,4,4,4,5,5,4,4,4,3,4,5,5,5,4,4,4,10791984
2/14/18 16:40,2/14/18 17:00,0,98.202.152.124,100,1177,1,2/14/18 17:00,R_3FJ8UAxdh82ibHU,,,,,40.47740173,-112.0082016,anonymous,EN,1,5,2,4,5,4,4,4,4,4,4,4,4,5,2,5,3,3,3,5,5,4,10771266
2/14/18 22:25,2/14/18 22:27,0,174.52.220.149,100,107,1,2/14/18 22:27,R_10JJGlNFHvu02D1,,,,,40.46470642,-111.6332016,anonymous,EN,0,5,5,4,5,5,5,4,4,4,5,5,5,4,5,5,5,5,4,4,4,4,10613694
2/15/18 0:16,2/15/18 0:21,0,67.182.212.57,100,321,1,2/15/18 0:21,R_2yf32mjcaaaI14T,,,,,40.39300537,-111.7837982,anonymous,EN,0,2,2,4,4,1,3,1,1,1,2,1,2,1,1,3,1,3,1,1,2,1,10650642
2/15/18 0:37,2/15/18 0:39,0,45.56.4.107,100,98,1,2/15/18 0:39,R_9Bl1Ld4hclbCrzr,,,,,40.22639465,-111.6969986,anonymous,EN,1,4,5,5,5,5,4,4,4,4,5,5,5,5,5,5,5,5,5,5,5,4,10785330
2/15/18 10:37,2/15/18 10:38,0,24.2.95.22,100,65,1,2/15/18 10:38,R_2PcHYEbJcZBVl3I,,,,,40.46470642,-111.6332016,anonymous,EN,1,4,4,4,4,3,3,4,4,4,5,5,5,5,5,5,5,5,5,5,5,5,10810643
2/15/18 10:50,2/15/18 10:52,0,161.28.75.60,100,105,1,2/15/18 10:52,R_2dtpWNp4FyxY3C1,,,,,40.29029846,-111.7236023,anonymous,EN,1,5,4,4,5,5,3,2,5,5,5,5,5,4,4,3,4,5,3,5,5,5,10809461
2/15/18 11:03,2/15/18 11:07,0,174.52.128.76,100,248,1,2/15/18 11:07,R_1QhmodFYkt0ISf7,,,,,40.29690552,-111.694603,anonymous,EN,1,4,4,4,5,3,3,4,3,5,5,5,5,5,4,5,4,5,4,5,1,4,10751651
2/15/18 14:44,2/15/18 14:46,0,63.78.215.50,100,156,1,2/15/18 14:46,R_25FRRK976XyhzEd,,,,,40.29029846,-111.7236023,anonymous,EN,1,4,4,4,5,5,4,4,4,4,5,5,5,5,5,5,5,5,5,5,5,5,10810878
2/15/18 15:35,2/15/18 15:39,0,161.28.84.186,100,263,1,2/15/18 15:39,R_27pWFtmssCaAiXm,,,,,40.29029846,-111.7236023,anonymous,EN,0,5,5,5,5,3,4,2,4,4,3,1,2,4,5,4,2,4,4,4,4,3,10814855
2/15/18 19:11,2/15/18 19:13,0,73.3.75.54,100,94,1,2/15/18 19:13,R_2zAPQeWJvvD3u13,,,,,40.29690552,-111.694603,anonymous,EN,1,4,4,4,4,4,2,2,4,4,4,5,5,5,5,4,5,5,5,5,5,5,10773064
2/15/18 23:09,2/15/18 23:15,0,45.56.19.1,100,359,1,2/15/18 23:15,R_1o7KFzSomitRLVA,,,,,40.22639465,-111.6969986,anonymous,EN,1,4,4,4,4,4,4,5,2,3,4,4,3,3,2,3,4,4,3,4,4,4,10747778
2/16/18 8:58,2/16/18 8:59,0,161.28.94.117,100,104,1,2/16/18 8:59,R_C3muEaYnaR45nPP,,,,,40.29029846,-111.7236023,anonymous,EN,0,5,5,4,5,4,3,3,3,3,5,4,4,5,4,4,3,3,3,3,5,5,10684260
2/16/18 9:10,2/16/18 9:12,0,161.28.250.21,100,104,1,2/16/18 9:12,R_3J9vvikbdXuW88X,,,,,40.29029846,-111.7236023,anonymous,EN,0,4,4,3,3,3,2,4,3,4,5,5,5,5,5,5,5,5,5,5,5,5,10814975
2/16/18 9:11,2/16/18 9:13,0,174.208.23.154,100,96,1,2/16/18 9:13,R_0cg9bl3Zn2UdQXL,,,,,43.61349487,-116.2034988,anonymous,EN,1,5,2,3,4,4,3,4,4,4,4,4,4,4,4,4,4,4,4,4,4,4,10788887
2/16/18 12:29,2/16/18 12:33,0,161.28.81.249,100,211,1,2/16/18 12:33,R_1z6Gpz6NnxIdCOR,,,,,40.29029846,-111.7236023,anonymous,EN,0,5,5,4,4,4,4,3,3,4,4,4,4,4,4,4,4,4,4,4,5,5,10765001
2/16/18 13:26,2/16/18 13:27,0,173.165.133.141,100,52,1,2/16/18 13:27,R_2f2KwPrR9gVpsuI,,,,,40.32449341,-111.9617996,anonymous,EN,0,4,4,4,4,4,4,4,4,4,4,4,4,4,4,4,4,4,4,4,4,4,10802498
2/16/18 14:22,2/16/18 14:24,0,161.28.255.53,100,162,1,2/16/18 14:24,R_pPG1FDyFlTwQrE5,,,,,40.29029846,-111.7236023,anonymous,EN,0,4,4,4,4,5,3,2,2,2,4,4,4,3,4,4,5,5,4,5,4,5,10814528
2/16/18 14:59,2/16/18 15:00,0,45.56.58.186,100,99,1,2/16/18 15:00,R_3g5AgpAuk3bJ73C,,,,,40.33929443,-111.5709,anonymous,EN,1,4,4,4,4,4,4,3,4,4,5,5,5,5,5,5,5,5,4,5,5,4,10820258
2/16/18 15:17,2/16/18 15:30,0,73.98.229.43,100,791,1,2/16/18 15:30,R_Y5fPK7EwKy3yU8N,,,,,40.29029846,-111.7236023,anonymous,EN,1,4,3,4,3,4,4,4,4,4,4,3,3,4,4,4,4,4,4,4,4,4,10588629
2/16/18 23:04,2/16/18 23:06,0,66.219.235.226,100,94,1,2/16/18 23:06,R_1ertDyvSp9YvDfO,,,,,40.33929443,-111.5709,anonymous,EN,1,5,4,4,4,3,3,3,4,4,2,2,2,4,3,3,3,3,3,3,3,2,10806551
2/17/18 11:59,2/17/18 12:00,0,75.169.43.222,100,66,1,2/17/18 12:00,R_2XojLk41u2dDRju,,,,,40.707901,-111.8554993,anonymous,EN,1,5,4,4,4,4,2,3,1,4,4,4,4,4,4,3,4,4,3,4,4,4,10810104
2/17/18 14:40,2/17/18 14:42,0,45.56.60.42,100,146,1,2/17/18 14:42,R_3fvOHho99nFZoJm,,,,,40.21809387,-111.6132965,anonymous,EN,0,5,4,4,3,3,2,4,3,3,4,4,3,3,3,3,4,4,3,3,4,4,10731364
2/17/18 16:06,2/17/18 16:07,0,161.28.91.38,100,80,1,2/17/18 16:07,R_1K8U3H22ElqFwO4,,,,,40.29029846,-111.7236023,anonymous,EN,0,4,3,3,4,3,4,2,4,5,5,5,5,5,5,5,5,5,5,5,5,5,10782635
2/17/18 20:51,2/17/18 20:52,0,198.91.62.95,100,72,1,2/17/18 20:52,R_1HiUaNKJAeOaMAT,,,,,40.65759277,-111.8840027,anonymous,EN,1,4,4,4,4,3,3,3,4,4,4,2,4,2,5,3,5,5,5,5,5,5,10794562
2/18/18 14:52,2/18/18 14:54,0,66.219.223.246,100,162,1,2/18/18 14:54,R_BrWJok9McqBHvSp,,,,,40.29029846,-111.7236023,anonymous,EN,0,4,3,3,4,2,2,4,3,5,5,5,5,4,4,3,4,5,4,4,4,5,10761068
2/18/18 17:55,2/18/18 18:01,0,107.188.129.182,100,337,1,2/18/18 18:01,R_2rgX7QdUaRBfhXr,,,,,40.21809387,-111.6132965,anonymous,EN,0,5,4,4,4,4,4,3,4,4,5,4,5,4,4,4,4,4,4,4,4,4,10807463
2/18/18 22:02,2/18/18 22:03,0,71.199.45.152,100,61,1,2/18/18 22:03,R_Dq3ozVUC4YCewPn,,,,,40.51409912,-112.0329971,anonymous,EN,0,5,3,4,4,4,4,4,4,4,5,4,5,4,4,4,4,5,4,4,2,2,10773351
2/19/18 7:06,2/19/18 7:08,0,107.188.148.104,100,84,1,2/19/18 7:08,R_SZVpUY2hwDIRcit,,,,,40.21809387,-111.6132965,anonymous,EN,1,5,4,4,4,3,3,4,2,4,2,3,2,3,4,4,3,3,2,4,3,4,10680264
2/19/18 9:31,2/19/18 9:33,0,166.70.141.226,100,106,1,2/19/18 9:33,R_20SDrPWy7AFhjSY,,,,,40.29029846,-111.7236023,anonymous,EN,0,4,5,4,4,4,4,5,4,4,5,5,5,5,5,3,4,4,3,4,4,5,10782723
2/19/18 10:19,2/19/18 10:21,0,45.56.45.203,100,107,1,2/19/18 10:21,R_2RV9l2SMjGnoYZM,,,,,40.33929443,-111.5709,anonymous,EN,0,5,4,3,4,4,4,4,2,3,4,4,4,3,4,3,4,4,4,4,1,4,10661231
2/19/18 10:48,2/19/18 10:50,0,71.199.21.225,100,125,1,2/19/18 10:50,R_AtlCuIm0gFQnsPL,,,,,40.32449341,-111.9617996,anonymous,EN,1,1,4,4,4,4,4,4,4,4,3,3,3,4,4,4,4,4,4,4,4,4,10835151
2/19/18 16:07,2/19/18 16:09,0,8.33.33.42,100,163,1,2/19/18 16:09,R_2qlMPx5Fk3DlCUm,,,,,40.29029846,-111.7236023,anonymous,EN,1,1,3,3,4,3,4,4,3,5,5,5,5,5,4,5,5,5,4,5,5,5,10722552
2/19/18 16:43,2/19/18 16:45,0,71.199.11.155,100,71,1,2/19/18 16:45,R_24jfKLMTPdE5hwX,,,,,40.46470642,-111.6332016,anonymous,EN,1,5,5,5,5,4,4,4,4,5,5,5,5,5,5,5,5,5,5,5,5,5,10702038
2/19/18 17:12,2/19/18 17:14,0,107.188.140.72,100,116,1,2/19/18 17:14,R_vuJlRLpsvWa2V5T,,,,,40.21809387,-111.6132965,anonymous,EN,1,5,2,2,3,4,3,4,3,5,5,4,4,4,4,4,5,5,5,5,5,5,10721073
2/19/18 17:23,2/19/18 17:24,0,66.219.235.226,100,88,1,2/19/18 17:24,R_2aesUwB3q8VORhr,,,,,40.33929443,-111.5709,anonymous,EN,1,4,4,4,4,4,4,4,4,4,5,5,5,4,4,4,5,5,5,4,4,5,10797654
2/19/18 17:21,2/19/18 17:26,0,206.71.82.197,100,301,1,2/19/18 17:26,R_2wTzCP8rqSvd47g,,,,,40.60969543,-111.9391022,anonymous,EN,0,1,4,4,4,4,4,4,4,4,4,4,4,4,4,4,4,4,3,4,4,3,10598356
2/19/18 18:05,2/19/18 18:07,0,107.77.245.12,100,100,1,2/19/18 18:07,R_1FkLZ17xeqc7UoS,,,,,37.75100708,-97.8219986,anonymous,EN,0,5,4,4,5,3,4,3,4,4,5,4,4,4,4,4,4,5,4,4,5,5,10734251
2/19/18 18:08,2/19/18 18:09,0,107.77.245.12,100,64,1,2/19/18 18:09,R_2qxeVCw81HYMen2,,,,,37.75100708,-97.8219986,anonymous,EN,0,5,4,4,4,3,4,3,4,4,5,5,5,4,5,4,5,5,4,5,5,5,10734251
2/19/18 18:25,2/19/18 18:26,0,50.205.195.88,100,75,1,2/19/18 18:26,R_3nu6mG6kfwJYTiS,,,,,40.46470642,-111.6332016,anonymous,EN,0,5,4,4,4,4,4,3,4,4,5,5,5,4,4,4,4,4,4,4,4,4,10734814
2/19/18 18:33,2/19/18 18:35,0,45.56.54.217,100,117,1,2/19/18 18:35,R_aVJTvg5cc1j92mZ,,,,,40.33929443,-111.5709,anonymous,EN,1,5,4,3,4,3,3,4,3,5,3,4,4,4,4,4,4,4,3,4,5,3,10810900
2/19/18 17:27,2/19/18 19:00,0,216.51.32.82,100,5585,1,2/19/18 19:00,R_3CUtTNAh3jHMhrv,,,,,40.65759277,-111.8840027,anonymous,EN,1,4,4,3,4,4,3,4,4,5,5,5,5,4,4,4,4,4,4,4,4,4,10771684
2/19/18 19:30,2/19/18 19:31,0,166.70.141.226,100,37,1,2/19/18 19:31,R_YWhhlvq3KA85yoN,,,,,40.29029846,-111.7236023,anonymous,EN,1,4,4,4,2,5,2,2,3,5,3,4,4,5,3,5,4,3,2,2,2,3,10780101
2/19/18 19:57,2/19/18 20:01,0,69.169.178.138,100,222,1,2/19/18 20:01,R_2tycZkMrMH0DqQt,,,,,40.58700562,-111.9878006,anonymous,EN,0,5,4,4,4,4,4,4,3,3,4,4,4,4,4,5,5,5,4,4,5,5,10704181
2/19/18 20:23,2/19/18 20:26,0,66.219.252.162,100,158,1,2/19/18 20:26,R_1mRff1KlDl3L7LT,,,,,40.33929443,-111.5709,anonymous,EN,1,5,3,3,4,4,3,4,4,5,4,4,5,4,4,5,5,5,5,4,4,5,10787277
2/19/18 20:26,2/19/18 20:27,0,66.219.235.101,100,29,1,2/19/18 20:27,R_2fm2inKHs5qdKuH,,,,,40.21809387,-111.6132965,anonymous,EN,1,3,4,1,1,5,3,2,3,4,4,4,3,5,4,4,3,4,4,4,5,5,10807713
2/19/18 20:29,2/19/18 20:29,0,66.219.235.101,100,34,1,2/19/18 20:29,R_sMzkYo2rjIfczex,,,,,40.21809387,-111.6132965,anonymous,EN,1,2,3,2,3,3,2,4,4,3,2,4,4,4,4,4,4,4,4,4,2,2,10807713
2/19/18 20:45,2/19/18 20:47,0,205.204.46.222,100,121,1,2/19/18 20:47,R_ywrvQ7pXEsTXzSF,,,,,40.29029846,-111.7236023,anonymous,EN,0,5,4,4,5,4,4,4,3,4,5,5,5,5,5,5,5,5,5,5,5,4,10719588
2/19/18 21:21,2/19/18 21:26,0,166.70.141.226,100,288,1,2/19/18 21:26,R_1lsgF0NEuKdllxT,,,,,40.29029846,-111.7236023,anonymous,EN,1,5,4,3,3,3,3,4,4,4,4,4,4,4,4,4,4,4,4,4,2,2,10752762
2/19/18 21:37,2/19/18 21:39,0,73.65.168.151,100,84,1,2/19/18 21:39,R_5gQb7eQlaa2hPpL,,,,,40.51409912,-112.0329971,anonymous,EN,0,5,4,4,4,4,2,4,3,4,5,5,5,5,5,4,5,5,5,5,5,5,10664451
2/19/18 21:48,2/19/18 21:50,0,66.219.236.117,100,109,1,2/19/18 21:50,R_UMjNy36mmPCz3EZ,,,,,40.21809387,-111.6132965,anonymous,EN,1,5,4,3,5,5,3,5,4,5,5,4,5,4,5,4,5,4,4,4,4,4,10660245
2/19/18 22:07,2/19/18 22:09,0,45.56.45.116,100,108,1,2/19/18 22:09,R_1mhfdEa5JVzU1rS,,,,,40.33929443,-111.5709,anonymous,EN,0,4,3,4,3,5,5,2,2,3,5,5,5,5,4,5,5,5,3,5,4,5,10808167
2/19/18 22:41,2/19/18 22:43,0,73.65.146.104,100,112,1,2/19/18 22:43,R_u2Okh5DF630IDLz,,,,,40.6499939,-112.0149994,anonymous,EN,0,4,2,2,4,4,4,4,2,3,4,4,4,3,3,3,4,4,4,4,4,4,10784917
2/19/18 22:46,2/19/18 22:47,0,76.27.63.31,100,85,1,2/19/18 22:47,R_1n15YpYvpq0soaS,,,,,40.20899963,-111.473999,anonymous,EN,0,5,5,5,5,5,5,5,5,5,5,5,5,5,5,5,5,5,5,5,1,5,10031834
2/19/18 23:14,2/19/18 23:16,0,66.219.211.226,100,113,1,2/19/18 23:16,R_3JgEwihnEau2yGo,,,,,40.65759277,-111.8840027,anonymous,EN,0,5,4,4,4,4,3,4,2,3,5,5,5,5,3,3,4,5,3,4,5,4,10811528
2/19/18 23:32,2/19/18 23:34,0,170.72.38.79,100,145,1,2/19/18 23:34,R_8BbwIfAbjjJ4LFD,,,,,40.62359619,-111.9870987,anonymous,EN,0,5,5,4,5,5,4,5,3,3,4,4,4,4,3,4,4,4,4,4,4,4,10769335
2/19/18 23:33,2/19/18 23:43,0,24.2.72.240,100,613,1,2/19/18 23:43,R_1Pc3hVzimIterG5,,,,,40.49819946,-111.8435974,anonymous,EN,1,5,4,4,4,4,3,5,3,5,5,4,4,5,4,5,5,5,5,5,5,5,10681199
2/19/18 23:42,2/19/18 23:44,0,45.56.25.96,100,106,1,2/19/18 23:44,R_1CxvuSfaSa0QQAM,,,,,40.33929443,-111.5709,anonymous,EN,1,4,2,4,4,4,4,4,2,3,5,5,5,4,4,4,4,4,4,4,4,4,10756334
2/19/18 23:49,2/19/18 23:50,0,75.169.130.169,100,78,1,2/19/18 23:50,R_22zBgQD0y3GcRrC,,,,,40.71499634,-111.8934021,anonymous,EN,0,5,4,4,4,4,4,4,4,4,5,5,5,5,5,5,5,5,5,5,5,5,10792169
2/20/18 8:22,2/20/18 8:22,0,161.28.12.171,100,43,1,2/20/18 8:22,R_0oLQYEUK8zSG3DP,,,,,40.29029846,-111.7236023,anonymous,EN,1,4,4,4,3,3,3,4,4,3,5,5,5,5,5,5,5,5,5,5,1,5,10810643
2/20/18 14:45,2/20/18 14:46,0,67.214.236.90,100,103,1,2/20/18 14:46,R_1pWhHxYAvICKa1J,,,,,40.21809387,-111.6132965,anonymous,EN,1,4,4,4,4,5,4,4,4,4,5,5,4,4,4,4,4,4,4,4,4,4,10808067
2/20/18 20:42,2/20/18 20:43,0,76.27.65.219,100,62,1,2/20/18 20:43,R_1qdOYaof6ToxrAM,,,,,40.20899963,-111.473999,anonymous,EN,1,4,4,4,4,4,4,4,4,4,5,5,5,5,4,4,5,4,4,5,5,5,10667170
2/20/18 22:08,2/20/18 22:10,0,70.58.100.30,100,93,1,2/20/18 22:10,R_2PCiDyA3N6V26A8,,,,,40.65829468,-111.9231033,anonymous,EN,1,5,4,4,5,4,5,4,3,4,5,4,4,4,4,5,5,5,4,5,5,5,10545011
2/21/18 21:42,2/21/18 21:43,0,128.187.116.29,100,69,1,2/21/18 21:43,R_22LjtjIqpahlw2S,,,,,40.35629272,-111.7324982,anonymous,EN,1,3,4,2,4,2,3,3,4,4,5,5,5,5,4,4,5,5,5,5,5,5,10741899
3/5/18 15:37,3/5/18 15:38,0,161.28.91.167,100,78,1,3/5/18 15:38,R_1dgFuWuvjX1jSrX,,,,,40.29029846,-111.7236023,anonymous,EN,1,5,4,4,4,3,2,2,2,3,4,4,3,3,3,3,4,4,3,4,4,4,10748749
3/5/18 15:49,3/5/18 15:51,0,73.65.150.240,100,78,1,3/5/18 15:51,R_2xK1JavrCXM4OPO,,,,,40.39300537,-111.7837982,anonymous,EN,1,4,4,4,5,4,4,3,5,5,5,5,5,5,5,5,5,5,5,5,5,5,10762899
3/5/18 15:48,3/5/18 15:54,0,161.28.100.163,100,341,1,3/5/18 15:54,R_2eUWehvax7fpN4Z,,,,,40.31430054,-111.7116013,anonymous,EN,1,3,3,4,5,5,4,5,3,4,5,4,4,3,3,4,4,4,4,4,4,4,10764568
3/5/18 16:09,3/5/18 16:11,0,161.28.80.250,100,97,1,3/5/18 16:11,R_27PerTDnV0DEIpS,,,,,40.29029846,-111.7236023,anonymous,EN,1,4,4,4,4,4,4,4,4,4,4,4,4,4,3,4,4,4,4,4,2,2,10794504
3/5/18 16:18,3/5/18 16:20,0,161.28.96.149,100,110,1,3/5/18 16:20,R_33vA2o4VNQBo63O,,,,,40.29029846,-111.7236023,anonymous,EN,0,4,4,4,4,5,4,3,3,3,4,4,4,3,3,3,4,4,3,4,1,4,10735089
3/5/18 16:30,3/5/18 16:31,0,199.192.165.229,100,57,1,3/5/18 16:31,R_26g1hfcz5xjdU6E,,,,,40.29679871,-111.6761017,anonymous,EN,0,5,5,5,5,5,5,5,5,5,5,5,5,5,5,5,5,5,5,5,5,5,10820770
3/5/18 16:33,3/5/18 16:36,0,76.27.80.162,100,195,1,3/5/18 16:36,R_3Hn6QxwA725xkjp,,,,,40.39300537,-111.7837982,anonymous,EN,1,5,5,5,4,5,5,5,5,5,5,5,5,5,5,5,5,5,5,5,5,5,10774061
3/5/18 16:46,3/5/18 16:47,0,66.7.117.130,100,63,1,3/5/18 16:47,R_12xwaxdBJXdAwc9,,,,,40.29029846,-111.7236023,anonymous,EN,0,4,4,4,4,4,4,4,4,4,5,5,5,5,5,5,5,5,5,5,1,5,10771956
3/5/18 16:45,3/5/18 16:47,0,172.58.75.0,100,155,1,3/5/18 16:47,R_XLeuj0UuoKKkACt,,,,,36.17500305,-115.1371994,anonymous,EN,1,5,5,4,4,4,4,4,3,4,4,4,4,3,3,4,4,4,3,4,5,5,10799845
3/5/18 17:05,3/5/18 17:07,0,67.166.98.162,100,112,1,3/5/18 17:07,R_2qaaFD5yflg7MsW,,,,,40.29679871,-111.6761017,anonymous,EN,0,5,4,4,5,1,3,5,1,1,5,5,5,1,5,5,5,5,5,5,5,5,10275646
3/5/18 18:01,3/5/18 18:04,0,161.28.78.204,100,196,1,3/5/18 18:04,R_22Eq3CXwmtYQiT0,,,,,40.29029846,-111.7236023,anonymous,EN,1,4,3,4,5,4,3,3,2,4,3,4,3,4,3,2,5,4,4,3,2,2,10767182
3/5/18 18:10,3/5/18 18:11,0,66.7.115.28,100,92,1,3/5/18 18:11,R_2VpCOfPlazi7sPe,,,,,40.32200623,-111.7466965,anonymous,EN,0,4,3,3,4,4,4,5,3,3,5,5,5,3,3,4,3,4,3,4,5,5,10591331
3/5/18 18:18,3/5/18 18:19,0,107.77.227.69,100,73,1,3/5/18 18:19,R_29oDV5PPys7c8HB,,,,,33.76930237,-117.8796997,anonymous,EN,1,4,4,4,4,4,4,4,4,4,4,4,4,3,4,3,4,4,3,4,4,4,10796866
3/5/18 18:24,3/5/18 18:26,0,161.28.234.3,100,115,1,3/5/18 18:26,R_3GxIv6aKCpev493,,,,,40.29029846,-111.7236023,anonymous,EN,1,4,4,3,4,4,4,2,1,4,3,2,2,1,1,3,4,4,3,2,2,2,10791974
3/5/18 18:37,3/5/18 18:38,0,161.28.248.174,100,99,1,3/5/18 18:38,R_eOHLF6dQErNQxs5,,,,,40.29029846,-111.7236023,anonymous,EN,1,4,4,5,5,4,4,4,5,4,5,5,5,5,5,5,5,5,5,5,5,5,10006972
3/5/18 18:43,3/5/18 18:54,0,8.33.33.42,100,647,1,3/5/18 18:54,R_1DnFbaOhvcQIgwj,,,,,40.29029846,-111.7236023,anonymous,EN,1,4,3,4,4,4,4,4,3,3,4,4,4,3,3,4,4,4,3,4,3,4,10778180
3/5/18 20:03,3/5/18 20:05,0,161.28.74.139,100,97,1,3/5/18 20:05,R_25L5TDZNaaXjtp7,,,,,40.29029846,-111.7236023,anonymous,EN,0,4,4,4,4,5,4,4,3,4,4,3,3,4,4,4,4,4,4,4,4,4,10683929
3/5/18 21:03,3/5/18 21:04,0,8.46.65.7,100,75,1,3/5/18 21:04,R_se3t1o1uz3VbzlD,,,,,40.70019531,-111.9433975,anonymous,EN,1,4,4,4,4,4,4,4,3,3,3,3,3,3,4,4,5,5,4,4,2,1,10817493
3/5/18 21:10,3/5/18 21:14,0,170.72.47.165,100,220,1,3/5/18 21:14,R_2VPU6TMIA3tH4hi,,,,,40.39300537,-111.7837982,anonymous,EN,1,5,4,4,5,5,5,3,3,5,5,4,5,4,4,4,4,4,3,3,5,5,10788850
3/5/18 22:00,3/5/18 22:02,0,161.28.236.199,100,89,1,3/5/18 22:02,R_3J8UrSJJ89Kr7Re,,,,,40.29029846,-111.7236023,anonymous,EN,0,5,4,4,4,4,4,4,3,4,5,5,5,5,4,4,4,4,4,4,2,4,10337129
3/5/18 22:40,3/5/18 22:41,0,76.8.221.73,100,65,1,3/5/18 22:41,R_xsCySr7bCY5kPGV,,,,,40.65759277,-111.8840027,anonymous,EN,0,5,4,4,5,4,5,5,4,4,4,4,4,4,4,4,4,4,4,4,4,5,10798220
3/5/18 23:01,3/5/18 23:04,0,73.20.62.31,100,153,1,3/5/18 23:04,R_3PnsilKXzyneHz0,,,,,40.20899963,-111.473999,anonymous,EN,1,5,5,4,4,4,3,4,1,3,1,1,1,1,1,1,1,1,1,1,1,5,10733701
3/5/18 23:26,3/5/18 23:28,0,24.10.183.167,100,101,1,3/5/18 23:28,R_8u0m2yDWb4sXKTL,,,,,41.03520203,-111.9385986,anonymous,EN,0,5,5,5,5,5,5,5,3,4,5,4,4,4,4,4,4,4,4,4,5,4,10709874
3/6/18 7:44,3/6/18 7:47,0,66.219.235.76,100,169,1,3/6/18 7:47,R_31RH9sMAB3NAKbC,,,,,40.21809387,-111.6132965,anonymous,EN,0,2,4,4,4,4,3,4,3,4,5,5,5,4,4,3,5,5,4,5,5,5,10659916
3/6/18 8:21,3/6/18 8:23,0,161.28.72.211,100,95,1,3/6/18 8:23,R_83djokkQggUw4s9,,,,,40.29029846,-111.7236023,anonymous,EN,0,5,2,2,4,3,4,2,2,2,4,3,4,4,2,3,4,4,4,4,4,4,10792327
3/6/18 8:45,3/6/18 8:47,0,216.83.132.165,100,94,1,3/6/18 8:47,R_3ptn9pNREKCZnjG,,,,,40.31430054,-111.7116013,anonymous,EN,1,4,4,3,4,4,3,4,4,4,4,4,4,3,3,4,4,4,3,4,4,4,10783352
3/6/18 9:11,3/6/18 9:13,0,161.28.93.71,100,126,1,3/6/18 9:13,R_2P250lnIx1KN2yV,,,,,40.29029846,-111.7236023,anonymous,EN,0,4,4,4,4,4,4,4,4,5,5,4,4,5,5,5,3,4,3,5,4,4,10678282
3/6/18 9:14,3/6/18 9:19,0,161.28.10.79,100,293,1,3/6/18 9:19,R_ptIOt4VxcIxVB29,,,,,40.29029846,-111.7236023,anonymous,EN,0,5,4,4,4,4,4,4,4,5,5,5,5,5,5,5,5,5,5,5,5,5,10612322
3/6/18 9:24,3/6/18 9:25,0,161.28.93.137,100,72,1,3/6/18 9:25,R_21de783HFf6C2yt,,,,,40.29029846,-111.7236023,anonymous,EN,0,5,5,5,5,5,5,5,4,4,5,5,5,5,5,5,5,5,4,5,5,5,10662629
3/6/18 9:55,3/6/18 9:56,0,161.28.242.139,100,86,1,3/6/18 9:56,R_V2LHVE0Hnfwx2Bb,,,,,40.29029846,-111.7236023,anonymous,EN,1,4,4,4,4,4,4,4,3,4,4,4,4,4,4,4,4,4,3,5,5,5,10686325
3/6/18 9:56,3/6/18 9:58,0,161.28.76.225,100,76,1,3/6/18 9:58,R_1FzW1NIRLEG5Yq9,,,,,40.29029846,-111.7236023,anonymous,EN,1,4,3,4,4,5,4,5,3,4,4,4,4,4,4,4,4,4,4,4,5,4,10522336
3/6/18 10:01,3/6/18 10:03,0,161.28.12.129,100,96,1,3/6/18 10:03,R_1FetsFm9D39NZQd,,,,,40.29029846,-111.7236023,anonymous,EN,0,5,4,4,4,4,4,4,4,3,4,4,4,3,4,4,4,4,4,5,4,4,10789711
3/6/18 10:01,3/6/18 10:03,0,161.28.249.254,100,119,1,3/6/18 10:03,R_2AHxspncWNbDBmb,,,,,40.29029846,-111.7236023,anonymous,EN,1,4,4,4,4,4,4,4,4,4,5,5,5,4,3,4,5,5,4,4,4,4,10813904
3/6/18 10:03,3/6/18 10:04,0,161.28.83.182,100,94,1,3/6/18 10:04,R_2qltDnDnvsdcg88,,,,,40.29029846,-111.7236023,anonymous,EN,0,4,3,3,4,4,4,4,4,4,5,4,4,4,4,4,4,4,4,4,4,4,10805783
3/6/18 10:03,3/6/18 10:04,0,161.28.242.162,100,88,1,3/6/18 10:04,R_1BUXmBPRDLHJjDb,,,,,40.29029846,-111.7236023,anonymous,EN,0,4,4,4,4,4,4,4,3,3,4,4,4,3,3,3,4,4,4,4,4,4,10732196
3/6/18 10:03,3/6/18 10:04,0,161.28.233.25,100,108,1,3/6/18 10:04,R_2YX79YV7uY2eLvY,,,,,40.29029846,-111.7236023,anonymous,EN,0,5,4,4,4,3,3,3,4,4,5,4,5,3,3,4,4,4,4,4,5,4,10808341
3/6/18 10:04,3/6/18 10:05,0,161.28.242.224,100,95,1,3/6/18 10:05,R_wXlg5jTzWiugHaF,,,,,40.29029846,-111.7236023,anonymous,EN,0,4,3,4,4,4,4,4,3,3,4,4,4,3,3,4,3,4,3,4,4,2,10713104
3/6/18 10:04,3/6/18 10:05,0,161.28.242.202,100,84,1,3/6/18 10:05,R_1FcprEz5brMO0Fz,,,,,40.29029846,-111.7236023,anonymous,EN,0,5,4,4,4,4,4,5,4,4,5,5,5,5,5,5,5,5,5,5,5,5,10844250
3/6/18 10:07,3/6/18 10:07,0,161.28.242.222,100,43,1,3/6/18 10:07,R_31mgvkJb76x5zYm,,,,,40.29029846,-111.7236023,anonymous,EN,1,2,1,3,2,4,3,2,3,1,3,2,4,5,2,3,2,2,1,4,3,3,10756376
3/6/18 10:56,3/6/18 10:57,0,161.28.91.56,100,110,1,3/6/18 10:57,R_1NtzBcNkAUQ4OsA,,,,,40.29029846,-111.7236023,anonymous,EN,1,4,2,4,2,4,3,2,2,3,4,4,4,2,2,4,4,4,3,4,4,4,10686083
3/6/18 10:54,3/6/18 10:57,0,161.28.249.191,100,228,1,3/6/18 10:57,R_1OGLBebPCSrj4Ud,,,,,40.29029846,-111.7236023,anonymous,EN,1,4,3,2,4,3,4,4,4,4,4,4,4,2,2,2,4,4,3,4,4,4,10751183
3/6/18 10:59,3/6/18 11:00,0,161.28.81.45,100,98,1,3/6/18 11:00,R_2Ph8KHIs1pn7Nup,,,,,40.29029846,-111.7236023,anonymous,EN,0,4,4,4,4,4,4,4,3,4,4,4,4,4,3,3,4,4,3,4,2,3,10746678
3/6/18 11:00,3/6/18 11:01,0,161.28.91.150,100,76,1,3/6/18 11:01,R_1pSSP34qgeY9nRY,,,,,40.29029846,-111.7236023,anonymous,EN,0,1,1,4,4,5,4,5,4,4,5,5,5,3,3,4,4,4,4,4,4,4,10526892
3/6/18 11:11,3/6/18 11:13,0,161.28.15.98,100,99,1,3/6/18 11:13,R_1k0LASAYj3mU3Ta,,,,,40.29029846,-111.7236023,anonymous,EN,0,5,1,4,5,1,4,4,4,5,5,5,5,5,5,5,5,5,5,5,5,4,10783261
3/6/18 12:19,3/6/18 12:22,0,66.219.220.111,100,130,1,3/6/18 12:22,R_334gMFbuf2tzpH7,,,,,40.29029846,-111.7236023,anonymous,EN,0,5,4,4,4,4,4,4,2,2,2,2,2,2,3,3,4,4,3,4,1,3,10829903
3/6/18 12:30,3/6/18 12:31,0,68.69.167.6,100,54,1,3/6/18 12:31,R_2VPZfaRlmef9BKH,,,,,41.07130432,-111.9873962,anonymous,EN,0,4,4,4,4,4,4,4,4,4,5,5,4,4,4,4,4,4,4,4,4,4,10694768
3/6/18 12:44,3/6/18 12:47,0,64.72.212.126,100,222,1,3/6/18 12:48,R_bmCqbsLrwREyO1b,,,,,40.39300537,-111.7837982,anonymous,EN,1,4,4,3,4,3,4,4,3,3,5,4,5,4,3,4,4,4,4,5,1,4,10192599
3/6/18 12:47,3/6/18 12:51,0,64.72.222.250,100,277,1,3/6/18 12:51,R_XLFhmw8CHg2GG0F,,,,,40.39300537,-111.7837982,anonymous,EN,0,5,4,4,5,4,4,4,1,4,5,5,2,1,3,4,5,5,3,4,4,4,10557678
3/6/18 12:56,3/6/18 12:58,0,161.28.255.173,100,129,1,3/6/18 12:58,R_3QMqQtCBf2c2eK1,,,,,40.29029846,-111.7236023,anonymous,EN,0,5,4,4,5,4,4,5,1,1,5,5,5,1,1,5,5,5,5,5,5,5,10275646
3/6/18 14:23,3/6/18 14:26,0,161.28.230.113,100,204,1,3/6/18 14:26,R_2PwfEVr3xqosZKf,,,,,40.29029846,-111.7236023,anonymous,EN,0,5,5,4,4,4,4,5,4,5,5,4,5,4,4,4,4,5,5,5,5,5,10804085
3/6/18 15:17,3/6/18 15:20,0,173.165.138.201,100,172,1,3/6/18 15:20,R_2e9JWNK1Mlvg5HT,,,,,40.56990051,-111.8600998,anonymous,EN,1,4,4,4,4,4,4,4,3,3,4,4,3,4,3,4,4,4,3,4,2,4,10778180
3/6/18 15:40,3/6/18 15:43,0,8.33.33.42,100,137,1,3/6/18 15:43,R_2ylKdHBWzwiX6qS,,,,,40.29029846,-111.7236023,anonymous,EN,1,4,3,3,4,3,3,3,3,4,4,4,4,4,4,4,4,4,4,4,4,4,10728996
3/6/18 15:46,3/6/18 15:48,0,161.28.248.131,100,97,1,3/6/18 15:48,R_1cZbYeAEAJAWxMW,,,,,40.29029846,-111.7236023,anonymous,EN,0,4,3,4,5,4,5,4,3,4,5,5,5,5,4,4,4,4,4,4,5,4,10642101
3/6/18 18:05,3/6/18 18:06,0,65.100.222.221,100,87,1,3/6/18 18:06,R_2uDkOA58JOtm5dD,,,,,40.39300537,-111.7837982,anonymous,EN,1,5,4,4,4,4,4,4,4,4,5,5,5,5,5,5,5,5,5,5,5,5,10006972
3/6/18 18:56,3/6/18 19:01,0,63.248.131.251,100,265,1,3/6/18 19:01,R_322SFSn8llIDnzo,,,,,39.99760437,-111.8142014,anonymous,EN,0,5,5,4,4,4,2,2,4,4,5,5,5,5,4,5,4,4,4,5,4,5,10698325
3/6/18 20:00,3/6/18 20:01,0,45.56.0.129,100,65,1,3/6/18 20:01,R_33r7KJDAWytwnxn,,,,,40.21809387,-111.6132965,anonymous,EN,1,4,4,4,4,5,5,5,3,4,3,4,3,3,3,3,4,4,4,4,2,4,10766571
3/6/18 20:24,3/6/18 20:26,0,45.56.3.243,100,122,1,3/6/18 20:26,R_21ArWw2jslSUx8O,,,,,40.21809387,-111.6132965,anonymous,EN,1,5,4,4,5,4,4,5,4,5,4,4,4,5,5,2,4,4,4,4,5,5,10831776
3/6/18 16:48,3/6/18 21:29,0,73.65.165.157,100,16888,1,3/6/18 21:29,R_1T9bRydIvUcc44V,,,,,40.65609741,-111.8350983,anonymous,EN,0,5,3,3,4,4,4,3,3,4,5,5,5,4,4,4,4,4,4,4,4,4,10771130
3/6/18 22:59,3/6/18 23:00,0,174.52.13.45,100,95,1,3/6/18 23:00,R_tEvXenMknuHgY13,,,,,40.57650757,-111.8937988,anonymous,EN,0,5,3,4,4,4,4,3,2,2,1,1,1,1,1,3,3,5,3,3,3,4,10584193
3/7/18 9:17,3/7/18 9:18,0,205.118.97.20,100,63,1,3/7/18 9:18,R_3h59sDSCvKP1Ok8,,,,,40.31430054,-111.7116013,anonymous,EN,0,5,5,4,5,5,5,5,5,5,3,4,5,4,4,4,4,4,4,4,4,4,10756431
3/7/18 9:20,3/7/18 9:22,0,161.28.242.226,100,107,1,3/7/18 9:22,R_1lazfgoZEcDNr1R,,,,,40.29029846,-111.7236023,anonymous,EN,1,3,3,3,4,4,4,4,2,3,3,3,3,2,2,4,3,4,2,3,4,3,10778879
3/7/18 10:12,3/7/18 10:13,0,161.28.249.178,100,63,1,3/7/18 10:13,R_32XvOT5ib9aeXvC,,,,,40.29029846,-111.7236023,anonymous,EN,0,3,3,3,4,4,4,4,2,3,3,3,3,3,3,3,3,3,3,3,3,3,10627575
3/7/18 10:19,3/7/18 10:22,0,161.28.242.128,100,132,1,3/7/18 10:22,R_3KuUgzsmENGEIyE,,,,,40.29029846,-111.7236023,anonymous,EN,0,4,3,2,4,4,2,4,2,3,4,4,4,3,3,3,4,4,3,4,4,3,10653804
3/7/18 10:26,3/7/18 10:27,0,161.28.233.237,100,69,1,3/7/18 10:28,R_3NQybNh1w4WtYae,,,,,40.29029846,-111.7236023,anonymous,EN,0,5,3,4,4,4,3,4,4,3,4,4,4,4,3,4,4,4,4,4,4,2,10695970
3/7/18 13:40,3/7/18 13:42,0,170.72.59.113,100,72,1,3/7/18 13:42,R_3hseRpx2I9MGQAr,,,,,40.46470642,-111.6332016,anonymous,EN,0,4,2,4,5,4,4,3,4,4,4,4,4,4,4,4,4,4,4,4,4,4,10664378
3/7/18 15:57,3/7/18 15:58,0,161.28.232.223,100,91,1,3/7/18 15:58,R_2rUVwZnfxWEQLAB,,,,,40.29029846,-111.7236023,anonymous,EN,0,,4,4,4,4,3,3,4,3,5,5,5,4,4,4,5,5,4,4,4,4,10783406
3/7/18 16:53,3/7/18 16:55,0,107.188.128.44,100,104,1,3/7/18 16:55,R_2U2XuqJjBEKfjdc,,,,,40.21809387,-111.6132965,anonymous,EN,1,4,4,4,4,4,3,3,4,4,3,3,3,3,2,4,4,4,3,4,4,4,10733947
3/7/18 17:27,3/7/18 17:31,0,63.248.131.251,100,183,1,3/7/18 17:31,R_2ZQ42ZBTrsFBuLg,,,,,39.99760437,-111.8142014,anonymous,EN,0,5,4,2,4,4,3,2,4,5,5,5,4,4,4,5,5,4,4,5,4,5,10698325
3/7/18 17:55,3/7/18 17:59,0,45.56.9.17,100,217,1,3/7/18 17:59,R_ujPWPrw6ovzaKrv,,,,,40.21809387,-111.6132965,anonymous,EN,0,4,4,4,4,4,3,4,5,4,5,5,5,5,5,4,5,5,3,4,5,4,10799423
3/7/18 18:11,3/7/18 18:14,0,161.28.242.130,100,169,1,3/7/18 18:14,R_1CfIegmccjt92pT,,,,,40.29029846,-111.7236023,anonymous,EN,0,4,5,4,4,4,4,4,4,4,5,5,5,4,4,4,3,4,3,4,5,4,10523939
3/7/18 21:00,3/7/18 21:03,0,63.248.131.251,100,195,1,3/7/18 21:03,R_2woFuv7LVLJGcAk,,,,,39.99760437,-111.8142014,anonymous,EN,1,5,4,4,3,2,2,2,1,3,2,2,2,2,2,2,3,3,3,2,4,3,10634543
3/7/18 21:39,3/7/18 21:42,0,71.199.38.242,100,184,1,3/7/18 21:42,R_2qEH9Uhe9JrzdtI,,,,,40.29029846,-111.7236023,anonymous,EN,0,5,4,4,3,4,5,2,4,5,5,5,5,5,4,4,4,4,4,4,5,5,10797171
3/8/18 10:34,3/8/18 10:37,0,161.28.242.160,100,195,1,3/8/18 10:37,R_26pKs3R9pepXRsd,,,,,40.29029846,-111.7236023,anonymous,EN,1,5,4,4,5,4,4,5,4,5,5,4,4,5,3,4,4,4,3,4,4,4,10740965
3/8/18 11:28,3/8/18 13:10,0,172.56.16.40,100,6105,1,3/8/18 13:10,R_3mkPBLku4nXTmxf,,,,,33.78460693,-117.8432999,anonymous,EN,0,4,3,3,5,4,3,3,3,3,4,4,4,3,3,3,4,5,3,5,4,4,10748574
3/8/18 14:17,3/8/18 14:19,0,161.28.8.165,100,141,1,3/8/18 14:19,R_1jiZ1HUhz3z9ZXc,,,,,40.29029846,-111.7236023,anonymous,EN,0,5,4,4,4,4,4,4,3,3,4,4,3,3,3,3,4,4,4,4,4,4,10709874
3/8/18 18:15,3/8/18 18:16,0,67.2.46.6,100,85,1,3/8/18 18:16,R_3RsAQq0pFS1hqTi,,,,,40.65829468,-111.9231033,anonymous,EN,0,4,4,4,4,3,4,4,3,4,4,4,4,4,3,4,4,4,4,4,5,5,10798349
3/9/18 10:18,3/9/18 10:19,0,161.28.83.154,100,82,1,3/9/18 10:19,R_2UgT2Ekc82444TP,,,,,40.29029846,-111.7236023,anonymous,EN,0,4,3,3,4,4,4,4,4,4,4,4,4,4,4,4,4,4,4,4,2,4,10805783
3/9/18 10:27,3/9/18 10:28,0,161.28.233.200,100,86,1,3/9/18 10:28,R_12Px8IfMzGyvSQP,,,,,40.29029846,-111.7236023,anonymous,EN,0,5,5,5,5,5,4,4,4,5,4,4,4,4,5,5,5,5,4,5,4,5,10651493
3/9/18 15:18,3/9/18 15:19,0,161.28.8.184,100,91,1,3/9/18 15:19,R_1LcZcwFr217VNAm,,,,,40.29029846,-111.7236023,anonymous,EN,0,5,5,5,5,3,5,2,3,2,5,5,5,4,4,3,4,4,4,4,5,5,10736872
3/9/18 15:22,3/9/18 15:24,0,71.195.234.97,100,107,1,3/9/18 15:24,R_sorOpSAC7Xb20i5,,,,,40.32449341,-111.9617996,anonymous,EN,0,4,3,3,4,3,2,2,3,3,4,4,4,3,3,4,4,4,3,4,4,4,10841847
3/9/18 19:27,3/9/18 19:29,0,76.27.41.216,100,131,1,3/9/18 19:29,R_24tJVNE9zZuCB9g,,,,,40.31430054,-111.7116013,anonymous,EN,0,5,5,4,5,4,5,4,3,4,4,4,4,3,3,4,4,4,4,4,5,5,10646622
3/9/18 22:11,3/9/18 22:20,0,45.56.44.155,100,534,1,3/9/18 22:20,R_TaTsz7wt2Y6Mm2J,,,,,40.21809387,-111.6132965,anonymous,EN,1,5,4,4,4,2,3,4,4,4,4,4,4,4,3,4,4,4,4,4,5,5,10789880
3/10/18 9:24,3/10/18 9:28,0,71.199.38.242,100,287,1,3/10/18 9:28,R_9SvD8A1VWXIFsEF,,,,,40.29029846,-111.7236023,anonymous,EN,0,4,4,4,4,4,4,4,4,4,4,5,5,5,5,4,4,5,4,4,5,5,10797171
3/10/18 13:04,3/10/18 13:05,0,76.8.221.73,100,48,1,3/10/18 13:05,R_2VCM60QecdrDioW,,,,,40.65759277,-111.8840027,anonymous,EN,0,5,4,5,4,5,4,5,5,5,4,4,4,4,4,2,4,4,4,4,3,4,10798220
3/10/18 17:51,3/10/18 17:53,0,107.77.231.8,100,135,1,3/10/18 17:53,R_UJzCqxkoRK1pbTr,,,,,33.82870483,-118.1168976,anonymous,EN,0,4,3,4,4,4,4,3,4,4,3,3,3,4,4,3,3,3,3,4,2,2,10661872
3/10/18 19:05,3/10/18 19:08,0,73.131.225.234,100,188,1,3/10/18 19:08,R_3rU75elBgYHURgz,,,,,40.32449341,-111.9617996,anonymous,EN,0,5,4,4,5,4,4,4,4,5,5,5,5,5,5,5,5,5,5,5,5,5,10612322
3/10/18 19:31,3/10/18 19:34,0,166.70.204.41,100,161,1,3/10/18 19:34,R_2s55nUhpNFWCTgJ,,,,,40.32200623,-111.7466965,anonymous,EN,1,4,4,5,5,5,4,5,3,3,2,2,2,4,4,4,4,4,3,4,4,3,10217214
3/10/18 21:17,3/10/18 21:20,0,205.197.219.98,100,203,1,3/10/18 21:20,R_33xlW46ox9FqSEK,,,,,38.7532959,-112.1055984,anonymous,EN,0,5,5,3,4,5,4,4,2,1,4,5,5,4,4,4,5,5,4,5,5,5,10259870
3/11/18 10:53,3/11/18 10:54,0,66.219.252.142,100,83,1,3/11/18 10:54,R_20SwjKZGTQvf1Wo,,,,,40.33929443,-111.5709,anonymous,EN,0,5,4,4,5,3,3,5,5,5,5,5,5,5,5,5,5,5,5,4,1,4,10681139
3/11/18 15:02,3/11/18 15:06,0,76.8.208.180,100,198,1,3/11/18 15:06,R_7X78NfLBVt0ae5z,,,,,40.29029846,-111.7236023,anonymous,EN,1,4,2,2,3,4,4,3,1,3,2,1,2,2,1,3,2,3,1,1,2,3,10684257
3/11/18 15:34,3/11/18 15:35,0,24.10.216.220,100,75,1,3/11/18 15:35,R_1E3Ygn3hXzDtczV,,,,,40.32200623,-111.7466965,anonymous,EN,1,4,4,4,4,4,4,4,4,5,3,3,3,3,3,3,3,3,3,3,3,3,10748843
3/11/18 16:14,3/11/18 16:15,0,67.2.173.176,100,54,1,3/11/18 16:15,R_2CPckCDZcHwj6j9,,,,,40.6499939,-112.0149994,anonymous,EN,0,3,4,4,5,5,4,4,3,3,4,4,5,4,4,5,5,5,5,5,4,5,10761432
3/11/18 17:21,3/11/18 17:24,0,73.65.197.182,100,188,1,3/11/18 17:24,R_XRqkAa4Wji4e0JH,,,,,40.51409912,-112.0329971,anonymous,EN,1,4,4,4,4,4,4,4,3,4,4,4,4,4,4,4,4,4,4,4,4,4,10784182
3/11/18 17:39,3/11/18 17:41,0,74.81.231.57,100,134,1,3/11/18 17:41,R_2ZDIRWmbTBlvjPg,,,,,40.31410217,-112.006897,anonymous,EN,0,4,5,5,4,4,4,5,4,4,5,5,4,4,4,4,4,5,4,4,4,2,10801716
3/11/18 19:33,3/11/18 19:35,0,107.188.150.157,100,78,1,3/11/18 19:35,R_3nkr2hOArHHXDIq,,,,,40.21809387,-111.6132965,anonymous,EN,0,4,4,4,4,4,3,4,4,4,3,3,3,4,4,4,3,3,3,4,3,3,10661872
3/11/18 20:43,3/11/18 20:45,0,24.10.220.204,100,79,1,3/11/18 20:45,R_2D1SJjKRgMzPBZQ,,,,,40.29679871,-111.6761017,anonymous,EN,1,5,5,5,5,4,4,5,4,5,4,4,4,2,4,4,4,4,4,4,5,5,10731365
3/11/18 21:00,3/11/18 21:02,0,24.10.233.204,100,125,1,3/11/18 21:02,R_3nfaDyPrvxgoC4y,,,,,40.31430054,-111.7116013,anonymous,EN,0,5,4,4,5,4,4,4,3,4,4,4,4,3,3,4,4,5,4,4,1,4,10647455
3/11/18 21:23,3/11/18 21:25,0,66.7.115.28,100,107,1,3/11/18 21:25,R_3qkRCuMg5XYD6n0,,,,,40.29690552,-111.694603,anonymous,EN,0,4,4,4,4,5,3,5,3,3,4,5,5,4,3,4,4,4,3,5,5,5,10591331
3/11/18 23:16,3/11/18 23:17,0,45.56.21.149,100,70,1,3/11/18 23:17,R_21ste3wgm0WxMgw,,,,,40.33929443,-111.5709,anonymous,EN,0,4,4,4,4,4,4,4,4,4,4,4,4,4,4,4,4,4,4,4,4,4,10789711
3/11/18 23:25,3/11/18 23:27,0,73.20.62.31,100,90,1,3/11/18 23:27,R_3OjLPkft8sQlaH9,,,,,40.20899963,-111.473999,anonymous,EN,1,5,3,3,5,5,5,5,1,3,1,1,1,1,1,1,4,4,3,1,1,1,10733701
3/12/18 5:39,3/12/18 5:40,0,45.56.49.139,100,48,1,3/12/18 5:40,R_bavDI9UWdESt0DT,,,,,40.33929443,-111.5709,anonymous,EN,0,5,1,1,1,1,1,1,1,1,1,1,1,1,1,1,1,1,1,1,5,5,10627412
3/12/18 7:00,3/12/18 7:02,0,204.228.136.157,100,161,1,3/12/18 7:02,R_2BzjMaykc6ekCTQ,,,,,40.32200623,-111.7466965,anonymous,EN,1,5,5,5,5,5,5,3,3,4,3,3,3,3,3,3,4,4,3,3,2,3,10231042
3/12/18 8:05,3/12/18 8:07,0,161.28.234.11,100,145,1,3/12/18 8:07,R_3HpqctmiQHOUvUT,,,,,40.29029846,-111.7236023,anonymous,EN,0,4,2,2,4,3,3,4,3,3,4,4,4,4,4,4,4,4,4,4,4,4,10033831
3/12/18 8:34,3/12/18 8:35,0,161.28.93.109,100,59,1,3/12/18 8:35,R_qCKSGIKsxQ5JqOR,,,,,40.29029846,-111.7236023,anonymous,EN,1,4,4,4,5,4,4,4,4,4,5,5,5,5,5,5,5,5,5,5,5,5,10006972
3/12/18 9:25,3/12/18 9:27,0,161.28.242.133,100,102,1,3/12/18 9:27,R_XR2DfbxXTjR2OD7,,,,,40.29029846,-111.7236023,anonymous,EN,0,4,3,4,5,4,4,4,4,5,5,5,5,5,5,5,5,5,5,5,5,5,10612322
3/12/18 9:57,3/12/18 10:00,0,161.28.232.207,100,183,1,3/12/18 10:00,R_23qu9maXWVyb8vn,,,,,40.29029846,-111.7236023,anonymous,EN,0,4,4,4,5,4,4,4,3,3,4,4,4,4,4,4,4,5,3,4,4,4,10695970
3/12/18 10:10,3/12/18 10:15,0,205.197.219.75,100,291,1,3/12/18 10:15,R_10VFY4QtnLuUVR1,,,,,38.63619995,-111.7556,anonymous,EN,0,4,3,4,4,4,4,5,5,5,5,4,4,5,4,4,5,5,4,4,4,4,10673538
3/12/18 11:10,3/12/18 11:13,0,161.28.8.183,100,165,1,3/12/18 11:13,R_PGl6IvvTc1nWrJf,,,,,40.29029846,-111.7236023,anonymous,EN,0,5,5,5,5,3,4,4,4,4,5,4,4,4,4,2,4,4,4,5,4,5,10736872
3/12/18 12:04,3/12/18 12:06,0,161.28.93.30,100,115,1,3/12/18 12:06,R_2SBlHdQSg2qFV1y,,,,,40.29029846,-111.7236023,anonymous,EN,1,5,5,5,5,4,4,5,5,5,5,5,5,4,4,4,4,4,4,5,5,5,10742835
3/12/18 12:37,3/12/18 12:38,0,107.188.129.80,100,66,1,3/12/18 12:38,R_2cwlNvBpYBxB4z2,,,,,40.21809387,-111.6132965,anonymous,EN,1,2,3,3,2,4,3,1,2,4,2,4,3,2,2,3,5,3,2,3,2,2,10756376
3/12/18 13:35,3/12/18 13:38,0,161.28.100.163,100,184,1,3/12/18 13:38,R_294SNaiU8eVPP11,,,,,40.31430054,-111.7116013,anonymous,EN,1,4,4,4,5,4,5,5,3,4,5,4,4,3,3,4,4,4,4,4,4,4,10764568
3/12/18 13:43,3/12/18 13:44,0,8.33.33.37,100,80,1,3/12/18 13:44,R_3shNTSiwbJja4fC,,,,,40.29029846,-111.7236023,anonymous,EN,0,4,4,4,4,4,4,4,3,3,4,4,4,3,3,4,3,4,3,4,4,3,10713104
3/12/18 15:38,3/12/18 15:40,0,67.199.163.116,100,151,1,3/12/18 15:40,R_1kTYdOy5bHb9nZ2,,,,,40.02780151,-111.5547028,anonymous,EN,0,5,4,4,4,4,4,3,4,4,5,5,5,4,3,4,4,4,3,4,4,3,10526892
3/12/18 14:24,3/12/18 15:51,0,98.202.112.177,100,5217,1,3/12/18 15:51,R_W0AXMmgrSHN482R,,,,,40.39300537,-111.7837982,anonymous,EN,0,4,5,4,5,3,4,4,5,5,4,4,4,4,4,4,4,4,4,4,3,4,10625004
3/12/18 17:58,3/12/18 18:00,0,67.214.236.96,100,105,1,3/12/18 18:00,R_2BlzbDSGZ80zI4g,,,,,41.2230072,-111.9738007,anonymous,EN,0,5,4,4,4,4,3,3,3,3,4,4,4,3,3,4,4,4,3,4,4,4,10748574
3/12/18 18:41,3/12/18 18:42,0,166.70.73.253,100,93,1,3/12/18 18:42,R_3ktEyjzkWUa5tGL,,,,,40.93640137,-111.8837967,anonymous,EN,0,4,3,3,3,4,2,4,4,4,4,4,4,4,3,3,4,4,3,4,4,4,10661674
3/12/18 19:38,3/12/18 19:40,0,8.33.33.42,100,90,1,3/12/18 19:40,R_dbdEMXFPq2GWUc9,,,,,40.29029846,-111.7236023,anonymous,EN,1,3,4,3,4,4,3,4,4,3,5,5,5,4,4,3,4,4,4,4,3,3,10688257
3/12/18 20:10,3/12/18 20:12,0,161.28.233.37,100,125,1,3/12/18 20:12,R_1CdMopbsoRruw32,,,,,40.29029846,-111.7236023,anonymous,EN,0,4,4,4,4,4,4,4,2,3,3,3,3,3,3,3,3,3,3,3,3,2,10713485
3/12/18 20:21,3/12/18 20:22,0,66.7.117.130,100,55,1,3/12/18 20:22,R_2xV5QeeFkPtNfpK,,,,,40.29029846,-111.7236023,anonymous,EN,0,5,4,4,4,4,4,4,4,4,4,4,4,4,4,4,4,4,4,4,4,4,10771956
3/12/18 21:42,3/12/18 21:44,0,63.248.133.23,100,137,1,3/12/18 21:44,R_1pKARE2eG7uqrZD,,,,,40.02670288,-111.6452026,anonymous,EN,0,4,4,4,3,4,4,5,4,4,4,3,4,4,3,4,4,4,4,4,5,5,10697832
3/12/18 22:09,3/12/18 22:11,0,161.28.75.246,100,92,1,3/12/18 22:11,R_31FVW63WuQGZGsz,,,,,40.29029846,-111.7236023,anonymous,EN,0,4,4,3,5,5,4,3,4,4,5,4,5,5,4,5,4,4,3,4,2,5,10799423
3/12/18 22:13,3/12/18 22:14,0,65.130.221.214,100,40,1,3/12/18 22:14,R_To7yvEUlFfDo5vX,,,,,40.6499939,-112.0149994,anonymous,EN,0,4,5,4,4,4,5,4,4,5,4,4,4,4,4,4,4,4,4,4,3,3,10743394
3/12/18 22:33,3/12/18 22:35,0,107.188.128.44,100,118,1,3/12/18 22:35,R_2WSGh8Q6ysZ5rZU,,,,,40.21809387,-111.6132965,anonymous,EN,1,4,2,2,4,4,4,2,2,4,4,2,2,3,3,3,4,4,4,2,3,4,10733947
3/12/18 22:56,3/12/18 22:58,0,45.56.4.199,100,96,1,3/12/18 22:58,R_25T1r5KBd8ydb3v,,,,,40.21809387,-111.6132965,anonymous,EN,0,5,4,4,4,4,5,4,3,4,4,4,4,4,4,3,4,4,4,4,4,4,10683929
3/13/18 2:59,3/13/18 3:01,0,174.23.216.222,100,132,1,3/13/18 3:01,R_3IZjaXZhaxaKn6h,,,,,40.6499939,-112.0149994,anonymous,EN,0,5,5,5,5,5,5,5,3,3,5,5,5,5,3,5,5,4,2,5,4,4,10331065
3/13/18 9:42,3/13/18 9:44,0,161.28.172.44,100,66,1,3/13/18 9:44,R_0pIcJTtcMGOYqJj,,,,,40.29029846,-111.7236023,anonymous,EN,0,5,5,4,4,4,4,5,5,5,5,5,5,5,5,5,5,5,5,5,5,5,10789238
3/13/18 17:17,3/13/18 17:18,0,161.28.166.145,100,74,1,3/13/18 17:18,R_6tW3dc5fAc1bnu9,,,,,40.29029846,-111.7236023,anonymous,EN,1,1,2,4,4,4,3,4,4,4,5,5,5,5,5,5,5,5,5,5,5,4,10809036
3/13/18 21:40,3/13/18 21:41,0,45.56.55.199,100,72,1,3/13/18 21:41,R_1jCaVlkHd1Gq5UT,,,,,40.22639465,-111.6969986,anonymous,EN,0,5,4,4,4,3,3,3,4,4,4,4,4,3,3,4,5,4,3,4,5,5,10808341
3/20/18 23:59,3/21/18 0:01,0,207.224.200.82,100,82,1,3/21/18 0:01,R_1mjW6nDLFozUkR6,,,,,40.71499634,-111.8934021,anonymous,EN,0,5,2,3,5,5,3,3,5,4,5,4,4,4,4,4,5,5,4,3,3,5,10717300
3/30/18 21:56,3/30/18 21:58,0,174.23.168.114,100,100,1,3/30/18 21:58,R_3EA3dijlms6UzUM,,,,,40.62359619,-111.9870987,anonymous,EN,0,5,5,5,5,5,5,5,3,3,4,5,5,5,4,5,5,5,4,5,4,5,10331065
4/1/18 21:16,4/1/18 21:29,0,66.219.198.32,100,751,1,4/1/18 21:29,R_bpjtLhehnmkokJH,,,,,40.32449341,-111.9617996,anonymous,EN,1,4,4,3,4,4,4,2,4,4,5,5,5,4,4,5,5,5,4,4,4,4,10809036
4/7/18 13:20,4/7/18 13:28,0,71.199.38.242,100,462,1,4/7/18 13:28,R_123JyIuq9mOobTn,,,,,40.29029846,-111.7236023,anonymous,EN,0,5,3,5,5,5,5,5,5,5,5,5,5,5,5,5,5,5,5,5,4,1,10797171
4/7/18 23:34,4/7/18 23:35,0,174.23.154.93,100,82,1,4/7/18 23:35,R_2YzGodeXwhTH64T,,,,,40.6499939,-112.0149994,anonymous,EN,0,5,5,5,5,5,5,5,3,3,5,5,5,5,5,5,5,5,3,5,5,4,10331065
4/8/18 16:19,4/8/18 16:20,0,66.87.126.238,100,86,1,4/8/18 16:20,R_1LtjM2nC5ztdrVI,,,,,40.75610352,-111.8836975,anonymous,EN,0,4,4,4,5,4,4,4,4,5,4,4,4,4,4,4,3,4,3,3,4,4,10690753
4/9/18 7:07,4/9/18 7:09,0,67.214.236.96,100,140,1,4/9/18 7:09,R_2QljLfiKjVuCaro,,,,,41.21609497,-111.9712982,anonymous,EN,0,5,4,4,5,5,5,3,3,3,4,4,4,3,3,3,4,4,3,5,4,5,10748574
4/24/18 9:31,4/24/18 9:33,0,161.28.242.192,100,96,1,4/24/18 9:33,R_Z8CAWJQbb1AECM9,,,,,40.29029846,-111.7236023,anonymous,EN,1,5,3,2,4,4,3,4,2,3,2,2,2,2,2,3,3,3,2,4,2,3,10778879
4/24/18 23:46,4/24/18 23:48,0,45.56.24.101,100,83,1,4/24/18 23:48,R_1jNtwQXK5qEzUC1,,,,,40.33929443,-111.5709,anonymous,EN,0,5,5,4,4,5,4,4,4,3,4,4,4,4,4,5,5,5,5,5,4,5,10651493
4/25/18 8:39,4/25/18 8:40,0,67.171.114.78,100,69,1,4/25/18 8:40,R_cBDJLy9w2hIqX4J,,,,,40.47740173,-112.0082016,anonymous,EN,1,5,5,5,5,4,3,5,5,5,5,5,5,5,5,5,5,5,5,5,5,5,10754508
4/25/18 9:42,4/25/18 9:44,0,66.87.126.14,100,101,1,4/25/18 9:44,R_6JYDunP41oQEPGF,,,,,40.70019531,-111.9433975,anonymous,EN,0,4,3,3,4,4,4,5,2,2,4,3,3,2,2,3,4,5,3,3,5,4,10805029
4/25/18 9:51,4/25/18 9:52,0,161.28.242.214,100,33,1,4/25/18 9:52,R_3L5BcmKZl6kxST2,,,,,40.29029846,-111.7236023,anonymous,EN,1,2,2,1,3,4,3,5,4,4,1,1,2,3,1,4,5,3,5,2,2,5,10756376
4/25/18 10:24,4/25/18 10:25,0,66.219.236.232,100,82,1,4/25/18 10:25,R_OB99OpYHjGxJ2zT,,,,,40.21809387,-111.6132965,anonymous,EN,0,4,2,2,2,3,3,4,3,4,4,4,4,4,4,4,4,4,4,4,4,4,10683983
4/25/18 21:58,4/25/18 22:00,0,76.23.8.77,100,88,1,4/25/18 22:00,R_2dFrnGs6zFt3ttH,,,,,40.32449341,-111.9617996,anonymous,EN,1,4,3,4,4,4,2,4,2,2,2,2,2,2,2,4,3,3,2,4,4,4,10778879
4/25/18 23:42,4/25/18 23:44,0,65.130.255.168,100,65,1,4/25/18 23:44,R_O9d8wlXdl7PT0Fr,,,,,40.73860168,-111.8591003,anonymous,EN,0,4,5,2,4,2,2,1,4,3,4,4,4,2,3,2,5,2,5,3,3,1,10006531
4/25/18 23:42,4/25/18 23:45,0,205.197.219.117,100,200,1,4/25/18 23:45,R_3gShYKK8Zqg8083,,,,,39.01860046,-112.2729034,anonymous,EN,1,5,4,4,4,5,4,5,3,4,5,4,4,3,4,4,4,5,4,5,5,5,10192599
4/25/18 23:46,4/25/18 23:51,0,66.60.96.131,100,303,1,4/25/18 23:51,R_2ZDpAvCqKVsWSlq,,,,,40.29029846,-111.7236023,anonymous,EN,1,4,3,3,3,2,2,3,2,4,4,4,4,2,2,4,4,4,3,4,4,4,10686083
4/25/18 23:51,4/25/18 23:52,0,45.56.4.199,100,87,1,4/25/18 23:52,R_1JIRpfdc0laXg1t,,,,,40.21809387,-111.6132965,anonymous,EN,0,5,5,5,5,5,5,5,4,4,4,4,4,4,4,4,4,4,4,4,5,4,10683929
4/26/18 9:40,4/26/18 9:42,0,166.70.51.74,100,86,1,4/26/18 9:42,R_5ARfglOhLbIXku5,,,,,40.65759277,-111.8840027,anonymous,EN,0,4,3,3,4,3,3,4,4,3,4,5,5,4,4,3,4,4,3,4,4,4,10661674
4/26/18 10:01,4/26/18 10:03,0,161.28.242.225,100,135,1,4/26/18 10:03,R_1eQVH2Mz4HqfwE9,,,,,40.29029846,-111.7236023,anonymous,EN,0,5,5,4,4,5,4,4,4,4,4,4,4,3,3,4,4,4,4,4,5,5,10646622
4/26/18 10:04,4/26/18 10:05,0,161.28.242.205,100,100,1,4/26/18 10:05,R_2AR9TJv2kzAj9Oq,,,,,40.29029846,-111.7236023,anonymous,EN,1,4,3,2,3,2,2,2,2,4,4,4,4,3,3,4,4,4,3,4,4,4,10686083
4/26/18 10:04,4/26/18 10:08,0,161.28.242.197,100,213,1,4/26/18 10:08,R_1oF1EJExXJ7e8dD,,,,,40.29029846,-111.7236023,anonymous,EN,0,4,4,5,4,4,4,4,4,5,4,4,4,4,4,3,4,4,3,4,3,4,10690753
4/26/18 10:07,4/26/18 10:09,0,161.28.242.209,100,150,1,4/26/18 10:09,R_b0YA5jMaj1WnhHH,,,,,40.29029846,-111.7236023,anonymous,EN,0,5,4,4,5,3,4,4,4,4,2,2,2,4,3,4,4,5,5,3,2,2,10625004
4/26/18 10:08,4/26/18 10:10,0,161.28.242.160,100,104,1,4/26/18 10:10,R_11jPNAPdZJ1uaUK,,,,,40.29029846,-111.7236023,anonymous,EN,0,4,4,4,4,4,4,5,4,4,4,4,4,4,4,4,3,4,3,4,3,4,10690753
4/26/18 10:16,4/26/18 10:17,0,161.28.242.211,100,63,1,4/26/18 10:17,R_1kTiZo0QmgGCvk3,,,,,40.29029846,-111.7236023,anonymous,EN,0,4,4,4,4,4,5,5,4,4,5,5,5,4,4,4,4,4,4,4,4,4,10690753
4/26/18 10:20,4/26/18 10:21,0,161.28.242.237,100,65,1,4/26/18 10:21,R_3lzSsNV0WmlkvJq,,,,,40.29029846,-111.7236023,anonymous,EN,0,5,4,4,5,4,4,4,4,4,4,4,4,4,4,5,4,4,4,4,3,4,10690753
4/26/18 10:29,4/26/18 10:31,0,161.28.74.207,100,143,1,4/26/18 10:31,R_1NCWwcSoI7Im8V0,,,,,40.29029846,-111.7236023,anonymous,EN,1,4,4,4,5,4,2,3,3,4,4,4,3,4,3,3,4,4,3,4,4,3,10767182
4/26/18 10:45,4/26/18 10:45,0,161.28.242.167,100,10,1,4/26/18 10:45,R_28TB9Pv4R1Tsyr9,,,,,40.29029846,-111.7236023,anonymous,EN,0,4,4,,,,,,,,,,,,,,,,,,,,10690753
4/26/18 10:47,4/26/18 10:49,0,161.28.93.19,100,81,1,4/26/18 10:49,R_5aOFjwhfv163GGB,,,,,40.29029846,-111.7236023,anonymous,EN,0,5,5,5,5,5,5,5,5,5,5,5,5,5,5,5,5,5,5,5,5,5,10662629
4/26/18 10:52,4/26/18 10:53,0,161.28.82.10,100,113,1,4/26/18 10:53,R_1ifbxs0ZPXkQgSV,,,,,40.29029846,-111.7236023,anonymous,EN,0,5,4,4,4,4,4,4,5,5,5,5,5,4,3,2,4,5,4,4,4,4,10746678
4/26/18 11:04,4/26/18 11:05,0,107.188.133.165,100,91,1,4/26/18 11:05,R_2X4heoKuCwfBahJ,,,,,40.21809387,-111.6132965,anonymous,EN,1,4,4,4,4,4,4,4,3,3,4,4,4,3,3,3,4,4,4,4,2,4,10751183
4/26/18 11:20,4/26/18 11:22,0,45.56.50.71,100,93,1,4/26/18 11:22,R_V447OOoO89TglSF,,,,,40.33929443,-111.5709,anonymous,EN,0,3,4,4,4,5,4,4,5,4,3,4,4,4,4,2,4,4,4,4,3,5,10690753
4/26/18 11:22,4/26/18 11:24,0,45.56.50.71,100,99,1,4/26/18 11:24,R_yPCwAHfaz02tlkZ,,,,,40.33929443,-111.5709,anonymous,EN,0,4,4,4,4,5,3,4,4,5,3,4,4,4,4,4,3,4,3,4,2,5,10690753
4/26/18 11:26,4/26/18 11:28,0,45.56.50.71,100,88,1,4/26/18 11:28,R_TwrMh6fTcnCPGKJ,,,,,40.33929443,-111.5709,anonymous,EN,0,5,4,4,4,4,4,4,4,4,5,3,4,5,4,3,3,4,4,4,4,4,10690753
4/26/18 11:32,4/26/18 11:33,0,66.87.127.53,100,71,1,4/26/18 11:33,R_2UfRaZIcUpyEcG2,,,,,40.65829468,-111.9231033,anonymous,EN,0,4,5,4,4,4,3,4,3,4,4,4,4,5,4,3,4,4,4,4,4,5,10690753
4/26/18 11:35,4/26/18 11:36,0,66.87.127.53,100,58,1,4/26/18 11:36,R_3prQMzlSiBt13Xf,,,,,40.65829468,-111.9231033,anonymous,EN,0,4,4,4,4,3,4,4,4,4,4,4,3,4,2,3,4,5,3,4,4,5,10690753
4/26/18 11:34,4/26/18 11:37,0,45.56.50.71,100,187,1,4/26/18 11:37,R_27xsfppIFm5SKcA,,,,,40.33929443,-111.5709,anonymous,EN,0,4,4,4,4,4,4,4,4,4,4,3,3,4,2,2,4,4,3,4,4,4,10690753
4/26/18 11:45,4/26/18 11:47,0,161.28.236.6,100,84,1,4/26/18 11:47,R_293Nc2xmb7UVQsw,,,,,40.29029846,-111.7236023,anonymous,EN,1,4,4,4,4,4,4,4,3,4,2,3,2,3,3,4,3,3,3,2,1,2,10713339
4/26/18 12:00,4/26/18 12:02,0,45.56.50.71,100,68,1,4/26/18 12:02,R_1pXY4wOQ0mxfvxD,,,,,40.33929443,-111.5709,anonymous,EN,0,4,5,5,4,4,5,4,3,4,2,4,3,4,2,2,5,5,3,4,4,4,10690753
4/26/18 12:05,4/26/18 12:06,0,45.56.50.71,100,50,1,4/26/18 12:06,R_AaPOJmyJ4JWVaTL,,,,,40.33929443,-111.5709,anonymous,EN,0,3,5,1,2,4,3,2,4,2,3,4,2,3,4,4,3,4,3,3,2,4,10690753
4/26/18 12:26,4/26/18 12:35,0,161.28.230.113,100,535,1,4/26/18 12:35,R_3PzSaORRmmlqJ59,,,,,40.29029846,-111.7236023,anonymous,EN,0,5,4,4,4,4,5,4,4,4,4,4,5,4,4,5,4,4,4,5,5,4,10804085
4/26/18 12:47,4/26/18 12:48,0,68.69.167.6,100,41,1,4/26/18 12:48,R_3ikad81kJiKxN6e,,,,,40.93640137,-111.8837967,anonymous,EN,0,4,4,4,4,4,4,4,4,4,4,4,4,4,4,4,4,4,4,4,4,4,10694768
4/26/18 12:53,4/26/18 12:54,0,170.89.9.1,100,69,1,4/26/18 12:54,R_21sRm9xlxKN8Pam,,,,,40.29029846,-111.7236023,anonymous,EN,0,5,4,5,5,5,4,5,4,4,5,5,5,5,5,5,5,5,5,5,5,5,10844250
4/26/18 14:27,4/26/18 14:28,0,161.28.91.146,100,58,1,4/26/18 14:28,R_UAPRFq8nYfMXOjT,,,,,40.29029846,-111.7236023,anonymous,EN,1,4,3,4,4,4,3,3,4,4,5,5,5,4,4,4,5,5,4,5,5,4,10809036
4/26/18 20:24,4/26/18 20:25,0,76.8.221.73,100,56,1,4/26/18 20:25,R_2AGdzuoFJB1ucax,,,,,40.29029846,-111.7236023,anonymous,EN,0,4,4,5,5,5,4,5,4,5,4,5,5,4,4,5,4,5,4,5,1,1,10798220
4/27/18 11:13,4/27/18 11:14,0,73.20.95.162,100,56,1,4/27/18 11:14,R_2QX43UPsACADNyw,,,,,40.31430054,-111.7116013,anonymous,EN,1,4,4,4,4,4,4,4,4,4,4,4,4,3,3,3,3,4,3,4,4,2,10796866
4/27/18 22:45,4/27/18 22:48,0,75.169.138.217,100,150,1,4/27/18 22:48,R_1cZnSCVA0T6zZ6J,,,,,41.15440369,-111.979599,anonymous,EN,0,4,3,3,4,4,3,4,3,3,4,4,4,4,4,4,4,4,4,4,2,4,10033831
4/29/18 20:41,4/29/18 20:42,0,76.8.208.210,100,42,1,4/29/18 20:42,R_3IZ9R2NP1rwoNeJ,,,,,40.29029846,-111.7236023,anonymous,EN,0,4,4,4,4,4,4,4,4,4,4,4,4,4,4,4,4,4,4,4,2,2,10627575
4/29/18 21:40,4/29/18 21:43,0,67.171.114.78,100,180,1,4/29/18 21:43,R_80OP9WL2cTbG6nT,,,,,40.51409912,-112.0329971,anonymous,EN,1,5,3,4,4,5,3,5,5,5,5,5,5,5,5,5,5,5,5,5,5,5,10754508
4/29/18 23:08,4/29/18 23:12,0,8.33.33.42,100,202,1,4/29/18 23:12,R_1FafktAi34sUBX8,,,,,40.29029846,-111.7236023,anonymous,EN,1,4,3,3,4,4,4,3,3,4,5,4,4,4,3,3,4,4,3,4,4,3,10688257
4/30/18 13:00,4/30/18 13:10,0,66.87.127.129,100,583,1,4/30/18 13:10,R_2q2VtKMiMNbCDpk,,,,,40.65829468,-111.9231033,anonymous,EN,0,5,5,4,4,3,4,4,4,3,5,5,5,5,4,4,4,4,3,4,4,2,10797171